puzzle_id,prime,heuristic,init_seed,solved,final_min_valuation,required_valuation,lift_fraction,steps_taken,wall_time_seconds
euler_01,2,greedy,262499,False,0,12,0.0,27,0.3970792293548584
euler_01,2,greedy,1667800629,False,0,12,0.0,20,0.2966189384460449
euler_01,2,greedy,1287193998,False,0,12,0.0,25,0.3697483539581299
euler_01,2,sa,1506322220,False,0,12,0.0,5000,0.2676868438720703
euler_01,2,sa,1026376702,False,0,12,0.0,5000,0.2640061378479004
euler_01,2,sa,645770071,False,0,12,0.0,5000,0.2762751579284668
euler_01,3,greedy,1404049709,False,0,8,0.0,20,0.29894280433654785
euler_01,3,greedy,1023443078,False,0,8,0.0,18,0.2500331401824951
euler_01,3,greedy,543497560,False,0,8,0.0,15,0.21050810813903809
euler_01,3,sa,762625782,False,0,8,0.0,5000,0.2587442398071289
euler_01,3,sa,382019151,False,0,8,0.0,5000,0.25295424461364746
euler_01,3,sa,2049557281,False,0,8,0.0,5000,0.2557539939880371
euler_01,5,greedy,1923914305,False,0,5,0.0,20,0.2704613208770752
euler_01,5,greedy,1443968787,False,0,5,0.0,16,0.21427702903747559
euler_01,5,greedy,1063362156,False,0,5,0.0,15,0.19875097274780273
euler_01,5,sa,1282490378,False,0,5,0.0,5000,0.24750995635986328
euler_01,5,sa,901883747,False,0,5,0.0,5000,0.2523841857910156
euler_01,5,sa,421938229,False,0,5,0.0,5000,0.24782609939575195
euler_01,7,greedy,1859939865,False,0,4,0.0,15,0.19650578498840332
euler_01,7,greedy,1379994347,False,0,4,0.0,15,0.19942879676818848
euler_01,7,greedy,999387716,False,0,4,0.0,21,0.28203797340393066
euler_01,7,sa,1218515938,False,0,4,0.0,5000,0.24647808074951172
euler_01,7,sa,738570420,False,0,4,0.0,5000,0.24762511253356934
euler_01,7,sa,357963789,False,0,4,0.0,5000,0.24827098846435547
euler_01,11,greedy,1697732435,False,0,4,0.0,11,0.14642596244812012
euler_01,11,greedy,1317125804,False,0,4,0.0,10,0.1289079189300537
euler_01,11,greedy,936519173,False,0,4,0.0,12,0.15647482872009277
euler_01,11,sa,1155647395,False,0,4,0.0,5000,0.24659323692321777
euler_01,11,sa,675701877,False,0,4,0.0,5000,0.24259400367736816
euler_01,11,sa,295095246,False,0,4,0.0,5000,0.24467086791992188
euler_02,2,greedy,489173825,False,0,12,0.0,30,0.4738140106201172
euler_02,2,greedy,108567194,False,0,12,0.0,32,0.512470006942749
euler_02,2,greedy,1875444211,False,0,12,0.0,29,0.4608631134033203
euler_02,2,sa,1241633570,False,0,12,0.0,5000,0.2617790699005127
euler_02,2,sa,761688052,False,0,12,0.0,5000,0.2633981704711914
euler_02,2,sa,381081421,False,0,12,0.0,5000,0.26215386390686035
euler_02,3,greedy,1752734859,False,0,8,0.0,28,0.4092879295349121
euler_02,3,greedy,1272789341,False,0,8,0.0,18,0.2621920108795166
euler_02,3,greedy,892182710,False,0,8,0.0,19,0.27570199966430664
euler_02,3,sa,258372069,False,0,8,0.0,5000,0.25319981575012207
euler_02,3,sa,2025249086,False,0,8,0.0,5000,0.2521085739135742
euler_02,3,sa,1545303568,False,0,8,0.0,5000,0.2534949779510498
euler_02,5,greedy,1589421532,False,0,5,0.0,18,0.25345396995544434
euler_02,5,greedy,1208814901,False,0,5,0.0,17,0.24457311630249023
euler_02,5,greedy,828208270,False,0,5,0.0,14,0.19721102714538574
euler_02,5,sa,1047336492,False,0,5,0.0,5000,0.24831891059875488
euler_02,5,sa,567390974,False,0,5,0.0,5000,0.2466590404510498
euler_02,5,sa,186784343,False,0,5,0.0,5000,0.24740386009216309
euler_02,7,greedy,785206579,False,0,4,0.0,16,0.22157883644104004
euler_02,7,greedy,404599948,False,0,4,0.0,20,0.2726757526397705
euler_02,7,greedy,2072138078,False,0,4,0.0,13,0.18378496170043945
euler_02,7,sa,1537666324,False,0,4,0.0,5000,0.24985027313232422
euler_02,7,sa,1057720806,False,0,4,0.0,5000,0.24608397483825684
euler_02,7,sa,677114175,False,0,4,0.0,5000,0.24418401718139648
euler_02,11,greedy,1241096735,False,0,4,0.0,14,0.19008994102478027
euler_02,11,greedy,761151217,False,0,4,0.0,15,0.2126457691192627
euler_02,11,greedy,380544586,False,0,4,0.0,19,0.26509904861450195
euler_02,11,sa,1894217593,False,0,4,0.0,5000,0.24378299713134766
euler_02,11,sa,1513610962,False,0,4,0.0,5000,0.2492070198059082
euler_02,11,sa,1133004331,False,0,4,0.0,5000,0.24294710159301758
euler_03,2,greedy,676810473,False,0,12,0.0,34,0.5464472770690918
euler_03,2,greedy,296203842,False,0,12,0.0,27,0.4340357780456543
euler_03,2,greedy,2063080859,False,0,12,0.0,23,0.374129056930542
euler_03,2,sa,134725433,False,0,12,0.0,5000,0.2655458450317383
euler_03,2,sa,1802263563,False,0,12,0.0,5000,0.26647281646728516
euler_03,2,sa,1421656932,False,0,12,0.0,5000,0.2639579772949219
euler_03,3,greedy,837773772,False,0,8,0.0,23,0.35277605056762695
euler_03,3,greedy,457167141,False,0,8,0.0,21,0.3199150562286377
euler_03,3,greedy,2124705271,False,0,8,0.0,20,0.30658698081970215
euler_03,3,sa,1590233517,False,0,8,0.0,5000,0.25686073303222656
euler_03,3,sa,1110287999,False,0,8,0.0,5000,0.254641056060791
euler_03,3,sa,729681368,False,0,8,0.0,5000,0.25429511070251465
euler_03,5,greedy,1357638368,False,0,5,0.0,16,0.24097013473510742
euler_03,5,greedy,877692850,False,0,5,0.0,26,0.38031792640686035
euler_03,5,greedy,497086219,False,0,5,0.0,18,0.26187705993652344
euler_03,5,sa,2010759226,False,0,5,0.0,5000,0.25690507888793945
euler_03,5,sa,1630152595,False,0,5,0.0,5000,0.258526086807251
euler_03,5,sa,1150207077,False,0,5,0.0,5000,0.2534189224243164
euler_03,7,greedy,1293663928,False,0,4,0.0,22,0.3216209411621094
euler_03,7,greedy,813718410,False,0,4,0.0,19,0.27311015129089355
euler_03,7,greedy,433111779,False,0,4,0.0,19,0.2784879207611084
euler_03,7,sa,652240001,False,0,4,0.0,5000,0.2541210651397705
euler_03,7,sa,271633370,False,0,4,0.0,5000,0.24934029579162598
euler_03,7,sa,1939171500,False,0,4,0.0,5000,0.24963808059692383
euler_03,11,greedy,1650215197,False,0,4,0.0,13,0.1834239959716797
euler_03,11,greedy,1269608566,False,0,4,0.0,16,0.22791719436645508
euler_03,11,greedy,789663048,False,0,4,0.0,19,0.26815104484558105
euler_03,11,sa,1008791270,False,0,4,0.0,5000,0.24367904663085938
euler_03,11,sa,628184639,False,0,4,0.0,5000,0.2465522289276123
euler_03,11,sa,247578008,False,0,4,0.0,5000,0.24274706840515137
euler_04,2,greedy,2076434913,False,0,12,0.0,22,0.33954882621765137
euler_04,2,greedy,1695828282,False,0,12,0.0,25,0.3918130397796631
euler_04,2,greedy,1315221651,False,0,12,0.0,29,0.44556474685668945
euler_04,2,sa,1534349873,False,0,12,0.0,5000,0.2629661560058594
euler_04,2,sa,1054404355,False,0,12,0.0,5000,0.26645398139953613
euler_04,2,sa,673797724,False,0,12,0.0,5000,0.2633359432220459
euler_04,3,greedy,89914564,False,0,8,0.0,18,0.26700592041015625
euler_04,3,greedy,1856791581,False,0,8,0.0,20,0.28672099113464355
euler_04,3,greedy,1376846063,False,0,8,0.0,13,0.19143080711364746
euler_04,3,sa,1595974285,False,0,8,0.0,5000,0.25485801696777344
euler_04,3,sa,1215367654,False,0,8,0.0,5000,0.25457310676574707
euler_04,3,sa,834761023,False,0,8,0.0,5000,0.25701189041137695
euler_04,5,greedy,25940124,False,0,5,0.0,17,0.24294090270996094
euler_04,5,greedy,1792817141,False,0,5,0.0,19,0.27132391929626465
euler_04,5,greedy,1312871623,False,0,5,0.0,18,0.2551391124725342
euler_04,5,sa,1531999845,False,0,5,0.0,5000,0.2437760829925537
euler_04,5,sa,1151393214,False,0,5,0.0,5000,0.2534761428833008
euler_04,5,sa,671447696,False,0,5,0.0,5000,0.246290922164917
euler_04,7,greedy,1788628631,False,0,4,0.0,15,0.20699310302734375
euler_04,7,greedy,1408022000,False,0,4,0.0,10,0.1375560760498047
euler_04,7,greedy,1027415369,False,0,4,0.0,16,0.22137713432312012
euler_04,7,sa,2051864441,False,0,4,0.0,5000,0.24965596199035645
euler_04,7,sa,1671257810,False,0,4,0.0,5000,0.24434614181518555
euler_04,7,sa,1191312292,False,0,4,0.0,5000,0.24652910232543945
euler_04,11,greedy,97035139,False,0,4,0.0,17,0.22939586639404297
euler_04,11,greedy,1863912156,False,0,4,0.0,17,0.2338402271270752
euler_04,11,greedy,1383966638,False,0,4,0.0,12,0.16295480728149414
euler_04,11,sa,360270949,False,0,4,0.0,5000,0.2436380386352539
euler_04,11,sa,2027809079,False,0,4,0.0,5000,0.2431192398071289
euler_04,11,sa,1647202448,False,0,4,0.0,5000,0.24611616134643555
euler_05,2,greedy,1647003736,False,0,12,0.0,31,0.4171578884124756
euler_05,2,greedy,1167058218,False,1,12,0.08333333333333333,27,0.36843085289001465
euler_05,2,greedy,786451587,False,0,12,0.0,22,0.30001306533813477
euler_05,2,sa,1005579809,False,0,12,0.0,5000,0.2652430534362793
euler_05,2,sa,525634291,False,0,12,0.0,5000,0.26693081855773926
euler_05,2,sa,145027660,False,0,12,0.0,5000,0.267254114151001
euler_05,3,greedy,79903199,False,0,8,0.0,21,0.26792001724243164
euler_05,3,greedy,1747441329,False,0,8,0.0,18,0.2273108959197998
euler_05,3,greedy,1366834698,False,0,8,0.0,19,0.24625778198242188
euler_05,3,sa,1585962920,False,0,8,0.0,5000,0.2657339572906494
euler_05,3,sa,1205356289,False,0,8,0.0,5000,0.262955904006958
euler_05,3,sa,725410771,False,0,8,0.0,5000,0.25380802154541016
euler_05,5,greedy,15928759,False,0,5,0.0,16,0.20551395416259766
euler_05,5,greedy,1683466889,False,0,5,0.0,11,0.13721990585327148
euler_05,5,greedy,1302860258,False,0,5,0.0,15,0.18719482421875
euler_05,5,sa,1521988480,False,0,5,0.0,5000,0.24763798713684082
euler_05,5,sa,1141381849,False,0,5,0.0,5000,0.24567818641662598
euler_05,5,sa,661436331,False,0,5,0.0,5000,0.24798107147216797
euler_05,7,greedy,17034656,False,0,4,0.0,20,0.24578404426574707
euler_05,7,greedy,1684572786,False,0,4,0.0,18,0.21792221069335938
euler_05,7,greedy,1303966155,False,0,4,0.0,14,0.17424416542053223
euler_05,7,sa,1523094377,False,0,4,0.0,5000,0.2545652389526367
euler_05,7,sa,1142487746,False,0,4,0.0,5000,0.24395489692687988
euler_05,7,sa,662542228,False,0,4,0.0,5000,0.24834203720092773
euler_05,11,greedy,373585925,False,0,4,0.0,13,0.1557786464691162
euler_05,11,greedy,2140462942,False,0,4,0.0,19,0.2269423007965088
euler_05,11,greedy,1759856311,False,0,4,0.0,13,0.15763592720031738
euler_05,11,sa,1978984533,False,0,4,0.0,5000,0.2423102855682373
euler_05,11,sa,1499039015,False,0,4,0.0,5000,0.2440016269683838
euler_05,11,sa,1118432384,False,0,4,0.0,5000,0.24683499336242676
euler_06,2,greedy,541509739,False,0,12,0.0,35,0.60135817527771
euler_06,2,greedy,160903108,False,0,12,0.0,32,0.5691862106323242
euler_06,2,greedy,1828441238,False,0,12,0.0,26,0.4475090503692627
euler_06,2,sa,1293969484,False,0,12,0.0,5000,0.26752305030822754
euler_06,2,sa,814023966,False,0,12,0.0,5000,0.26424384117126465
euler_06,2,sa,433417335,False,0,12,0.0,5000,0.26299500465393066
euler_06,3,greedy,2044635836,False,0,8,0.0,21,0.34659886360168457
euler_06,3,greedy,1564690318,False,0,8,0.0,18,0.3125150203704834
euler_06,3,greedy,1184083687,False,0,8,0.0,23,0.3928530216217041
euler_06,3,sa,1355593896,False,0,8,0.0,5000,0.2675480842590332
euler_06,3,sa,974987265,False,0,8,0.0,5000,0.26035189628601074
euler_06,3,sa,594380634,False,0,8,0.0,5000,0.2632780075073242
euler_06,5,greedy,1980661396,False,0,5,0.0,20,0.32271909713745117
euler_06,5,greedy,1500715878,False,0,5,0.0,17,0.2753608226776123
euler_06,5,greedy,1120109247,False,0,5,0.0,18,0.2936980724334717
euler_06,5,sa,2144558319,False,0,5,0.0,5000,0.25915002822875977
euler_06,5,sa,1763951688,False,0,5,0.0,5000,0.25326108932495117
euler_06,5,sa,1284006170,False,0,5,0.0,5000,0.24608087539672852
euler_06,7,greedy,253703457,False,0,4,0.0,19,0.29679417610168457
euler_06,7,greedy,2020580474,False,0,4,0.0,19,0.2898108959197998
euler_06,7,greedy,1540634956,False,0,4,0.0,19,0.2968258857727051
euler_06,7,sa,1006163202,False,0,4,0.0,5000,0.24486780166625977
euler_06,7,sa,526217684,False,0,4,0.0,5000,0.24811911582946777
euler_06,7,sa,145611053,False,0,4,0.0,5000,0.24710822105407715
euler_06,11,greedy,709593613,False,0,4,0.0,11,0.17212724685668945
euler_06,11,greedy,229648095,False,0,4,0.0,17,0.2584340572357178
euler_06,11,greedy,1996525112,False,0,4,0.0,17,0.267780065536499
euler_06,11,sa,1362714471,False,0,4,0.0,5000,0.2439889907836914
euler_06,11,sa,982107840,False,0,4,0.0,5000,0.24439287185668945
euler_06,11,sa,502162322,False,0,4,0.0,5000,0.24443483352661133
euler_07,2,greedy,1809339062,False,1,12,0.08333333333333333,25,0.4236128330230713
euler_07,2,greedy,1329393544,False,0,12,0.0,28,0.46287107467651367
euler_07,2,greedy,948786913,False,0,12,0.0,31,0.5150010585784912
euler_07,2,sa,314976272,False,0,12,0.0,5000,0.26341819763183594
euler_07,2,sa,2081853289,False,0,12,0.0,5000,0.26517295837402344
euler_07,2,sa,1601907771,False,0,12,0.0,5000,0.2642028331756592
euler_07,3,greedy,20756711,False,0,8,0.0,20,0.31092214584350586
euler_07,3,greedy,1688294841,False,0,8,0.0,11,0.1789398193359375
euler_07,3,greedy,1307688210,False,0,8,0.0,13,0.20312786102294922
euler_07,3,sa,1578537306,False,0,8,0.0,5000,0.25451207160949707
euler_07,3,sa,1098591788,False,0,8,0.0,5000,0.2538619041442871
euler_07,3,sa,717985157,False,0,8,0.0,5000,0.25745415687561035
euler_07,5,greedy,2104265919,False,0,5,0.0,26,0.40435194969177246
euler_07,5,greedy,1624320401,False,0,5,0.0,20,0.30702781677246094
euler_07,5,greedy,1243713770,False,0,5,0.0,16,0.24299287796020508
euler_07,5,sa,120679194,False,0,5,0.0,5000,0.24838709831237793
euler_07,5,sa,1887556211,False,0,5,0.0,5000,0.24676895141601562
euler_07,5,sa,1407610693,False,0,5,0.0,5000,0.2568230628967285
euler_07,7,greedy,2105371816,False,0,4,0.0,11,0.1759030818939209
euler_07,7,greedy,1625426298,False,0,4,0.0,18,0.28565406799316406
euler_07,7,greedy,1244819667,False,0,4,0.0,21,0.3189561367034912
euler_07,7,sa,611009026,False,0,4,0.0,5000,0.24628400802612305
euler_07,7,sa,230402395,False,0,4,0.0,5000,0.2671968936920166
euler_07,7,sa,1897940525,False,0,4,0.0,5000,0.2512850761413574
euler_07,11,greedy,314439437,False,0,4,0.0,15,0.21834397315979004
euler_07,11,greedy,2081316454,False,0,4,0.0,10,0.14803314208984375
euler_07,11,greedy,1601370936,False,0,4,0.0,20,0.2957761287689209
euler_07,11,sa,1066899182,False,0,4,0.0,5000,0.24637603759765625
euler_07,11,sa,586953664,False,0,4,0.0,5000,0.24406981468200684
euler_07,11,sa,206347033,False,0,4,0.0,5000,0.24608206748962402
euler_08,2,greedy,41396009,False,0,12,0.0,25,0.3393571376800537
euler_08,2,greedy,1808273026,False,1,12,0.08333333333333333,35,0.48575520515441895
euler_08,2,greedy,1328327508,False,0,12,0.0,27,0.3764932155609131
euler_08,2,sa,304631819,False,0,12,0.0,5000,0.2737398147583008
euler_08,2,sa,1972169949,False,0,12,0.0,5000,0.2635970115661621
euler_08,2,sa,1591563318,False,0,12,0.0,5000,0.2642650604248047
euler_08,3,greedy,1304957043,False,0,8,0.0,17,0.21559977531433105
euler_08,3,greedy,825011525,False,0,8,0.0,24,0.3224010467529297
euler_08,3,greedy,444404894,False,0,8,0.0,17,0.2205979824066162
euler_08,3,sa,663533116,False,0,8,0.0,5000,0.26036596298217773
euler_08,3,sa,183587598,False,0,8,0.0,5000,0.25443220138549805
euler_08,3,sa,1950464615,False,0,8,0.0,5000,0.25559306144714355
euler_08,5,greedy,722223904,False,0,5,0.0,13,0.15961313247680664
euler_08,5,greedy,242278386,False,0,5,0.0,16,0.1991422176361084
euler_08,5,greedy,2009155403,False,0,5,0.0,27,0.3377211093902588
euler_08,5,sa,80799977,False,0,5,0.0,5000,0.2504692077636719
euler_08,5,sa,1847676994,False,0,5,0.0,5000,0.249222993850708
euler_08,5,sa,1367731476,False,0,5,0.0,5000,0.25171685218811035
euler_08,7,greedy,1142749613,False,0,4,0.0,17,0.20764493942260742
euler_08,7,greedy,762142982,False,0,4,0.0,20,0.24754095077514648
euler_08,7,greedy,381536351,False,0,4,0.0,11,0.13193893432617188
euler_08,7,sa,600664573,False,0,4,0.0,5000,0.25330114364624023
euler_08,7,sa,120719055,False,0,4,0.0,5000,0.24970102310180664
euler_08,7,sa,1887596072,False,0,4,0.0,5000,0.24507594108581543
euler_08,11,greedy,793318919,False,0,4,0.0,12,0.1451551914215088
euler_08,11,greedy,313373401,False,0,4,0.0,12,0.14741301536560059
euler_08,11,greedy,2080250418,False,0,4,0.0,13,0.15681982040405273
euler_08,11,sa,957215842,False,0,4,0.0,5000,0.24606680870056152
euler_08,11,sa,576609211,False,0,4,0.0,5000,0.2430739402770996
euler_08,11,sa,96663693,False,0,4,0.0,5000,0.2453141212463379
euler_09,2,greedy,2054037142,False,0,12,0.0,26,0.4328169822692871
euler_09,2,greedy,1574091624,False,1,12,0.08333333333333333,35,0.6028897762298584
euler_09,2,greedy,1193484993,False,0,12,0.0,22,0.37168169021606445
euler_09,2,sa,1464334089,False,0,12,0.0,5000,0.2629201412200928
euler_09,2,sa,984388571,False,0,12,0.0,5000,0.26771998405456543
euler_09,2,sa,603781940,False,0,12,0.0,5000,0.26284003257751465
euler_09,3,greedy,486936605,False,0,8,0.0,18,0.2845938205718994
euler_09,3,greedy,106329974,False,0,8,0.0,16,0.25420117378234863
euler_09,3,greedy,1773868104,False,0,8,0.0,16,0.25301313400268555
euler_09,3,sa,1239396350,False,0,8,0.0,5000,0.2544822692871094
euler_09,3,sa,759450832,False,0,8,0.0,5000,0.25775671005249023
euler_09,3,sa,378844201,False,0,8,0.0,5000,0.25482702255249023
euler_09,5,greedy,1006801201,False,0,5,0.0,21,0.32214999198913574
euler_09,5,greedy,626194570,False,0,5,0.0,16,0.24089694023132324
euler_09,5,greedy,146249052,False,0,5,0.0,15,0.2341480255126953
euler_09,5,sa,1759260946,False,0,5,0.0,5000,0.24866604804992676
euler_09,5,sa,1279315428,False,0,5,0.0,5000,0.24882984161376953
euler_09,5,sa,898708797,False,0,5,0.0,5000,0.24744486808776855
euler_09,7,greedy,424068062,False,0,4,0.0,20,0.29898905754089355
euler_09,7,greedy,43461431,False,0,4,0.0,17,0.25893402099609375
euler_09,7,greedy,1710999561,False,0,4,0.0,20,0.3017148971557617
euler_09,7,sa,1176527807,False,0,4,0.0,5000,0.24793386459350586
euler_09,7,sa,696582289,False,0,4,0.0,5000,0.2539057731628418
euler_09,7,sa,315975658,False,0,4,0.0,5000,0.24681925773620605
euler_09,11,greedy,879958218,False,0,4,0.0,10,0.14784717559814453
euler_09,11,greedy,400012700,False,0,4,0.0,17,0.25209903717041016
euler_09,11,greedy,19406069,False,0,4,0.0,12,0.1776268482208252
euler_09,11,sa,1533079076,False,0,4,0.0,5000,0.24444103240966797
euler_09,11,sa,1152472445,False,0,4,0.0,5000,0.2464287281036377
euler_09,11,sa,672526927,False,0,4,0.0,5000,0.2471017837524414
euler_10,2,greedy,2108498351,False,0,12,0.0,32,0.5195760726928711
euler_10,2,greedy,1727891720,False,0,12,0.0,26,0.41396021842956543
euler_10,2,greedy,1247946202,False,0,12,0.0,36,0.5817718505859375
euler_10,2,sa,1467074424,False,0,12,0.0,5000,0.263322114944458
euler_10,2,sa,1086467793,False,0,12,0.0,5000,0.26607394218444824
euler_10,2,sa,705861162,False,0,12,0.0,5000,0.2640702724456787
euler_10,3,greedy,1883560612,False,0,8,0.0,19,0.2979748249053955
euler_10,3,greedy,1502953981,False,0,8,0.0,20,0.31168389320373535
euler_10,3,greedy,1023008463,False,0,8,0.0,24,0.36417412757873535
euler_10,3,sa,2146796422,False,0,8,0.0,5000,0.2541680335998535
euler_10,3,sa,1666850904,False,0,8,0.0,5000,0.2590641975402832
euler_10,3,sa,1286244273,False,0,8,0.0,5000,0.25600504875183105
euler_10,5,greedy,1330362237,False,0,5,0.0,22,0.3285250663757324
euler_10,5,greedy,949755606,False,0,5,0.0,13,0.18877410888671875
euler_10,5,greedy,469810088,False,0,5,0.0,20,0.3084888458251953
euler_10,5,sa,2082821982,False,0,5,0.0,5000,0.25049877166748047
euler_10,5,sa,1602876464,False,0,5,0.0,5000,0.2488718032836914
euler_10,5,sa,1222269833,False,0,5,0.0,5000,0.25125622749328613
euler_10,7,greedy,1044905983,False,0,4,0.0,18,0.2609379291534424
euler_10,7,greedy,564960465,False,0,4,0.0,14,0.20404887199401855
euler_10,7,greedy,184353834,False,0,4,0.0,17,0.24361419677734375
euler_10,7,sa,355864043,False,0,4,0.0,5000,0.2453291416168213
euler_10,7,sa,2122741060,False,0,4,0.0,5000,0.2469930648803711
euler_10,7,sa,1742134429,False,0,4,0.0,5000,0.24570631980895996
euler_10,11,greedy,129098577,False,0,4,0.0,11,0.15673613548278809
euler_10,11,greedy,1796636707,False,0,4,0.0,18,0.255037784576416
euler_10,11,greedy,1416030076,False,0,4,0.0,16,0.23169898986816406
euler_10,11,sa,1635158298,False,0,4,0.0,5000,0.2437891960144043
euler_10,11,sa,1254551667,False,0,4,0.0,5000,0.24532699584960938
euler_10,11,sa,774606149,False,0,4,0.0,5000,0.24383306503295898
euler_11,2,greedy,448533842,False,0,12,0.0,25,0.40099668502807617
euler_11,2,greedy,67927211,False,0,12,0.0,30,0.47971105575561523
euler_11,2,greedy,1735465341,False,1,12,0.08333333333333333,30,0.49013304710388184
euler_11,2,sa,1954593563,False,0,12,0.0,5000,0.2705831527709961
euler_11,2,sa,1573986932,False,0,12,0.0,5000,0.26861071586608887
euler_11,2,sa,1193380301,False,0,12,0.0,5000,0.2643320560455322
euler_11,3,greedy,1881855816,False,0,8,0.0,20,0.30816102027893066
euler_11,3,greedy,1501249185,False,0,8,0.0,19,0.29135990142822266
euler_11,3,greedy,1021303667,False,0,8,0.0,16,0.24016523361206055
euler_11,3,sa,486831913,False,0,8,0.0,5000,0.2569749355316162
euler_11,3,sa,6886395,False,0,8,0.0,5000,0.2537529468536377
euler_11,3,sa,1773763412,False,0,8,0.0,5000,0.25460100173950195
euler_11,5,greedy,1548781549,False,0,5,0.0,10,0.14291882514953613
euler_11,5,greedy,1168174918,False,0,5,0.0,15,0.2169198989868164
euler_11,5,greedy,688229400,False,0,5,0.0,15,0.2200460433959961
euler_11,5,sa,1006696509,False,0,5,0.0,5000,0.25305771827697754
euler_11,5,sa,526750991,False,0,5,0.0,5000,0.24957704544067383
euler_11,5,sa,146144360,False,0,5,0.0,5000,0.2477712631225586
euler_11,7,greedy,966048410,False,0,4,0.0,20,0.2877068519592285
euler_11,7,greedy,585441779,False,0,4,0.0,22,0.3165569305419922
euler_11,7,greedy,204835148,False,0,4,0.0,12,0.1723639965057373
euler_11,7,sa,423963370,False,0,4,0.0,5000,0.24738407135009766
euler_11,7,sa,2091501500,False,0,4,0.0,5000,0.2514839172363281
euler_11,7,sa,1710894869,False,0,4,0.0,5000,0.24944519996643066
euler_11,11,greedy,1421938566,False,0,4,0.0,9,0.12729978561401367
euler_11,11,greedy,1041331935,False,0,4,0.0,12,0.17183828353881836
euler_11,11,greedy,561386417,False,0,4,0.0,11,0.1587810516357422
euler_11,11,sa,780514639,False,0,4,0.0,5000,0.24513506889343262
euler_11,11,sa,399908008,False,0,4,0.0,5000,0.2443380355834961
euler_11,11,sa,2067446138,False,0,4,0.0,5000,0.24530386924743652
euler_12,2,greedy,625866533,False,0,12,0.0,30,0.44049906730651855
euler_12,2,greedy,145921015,False,0,12,0.0,28,0.41500425338745117
euler_12,2,greedy,1912798032,False,0,12,0.0,28,0.416301965713501
euler_12,2,sa,2084308241,False,0,12,0.0,5000,0.2626919746398926
euler_12,2,sa,1703701610,False,0,12,0.0,5000,0.25992393493652344
euler_12,2,sa,1323094979,False,0,12,0.0,5000,0.26162004470825195
euler_12,3,greedy,1790088680,False,0,8,0.0,19,0.26742124557495117
euler_12,3,greedy,1310143162,False,0,8,0.0,16,0.22638487815856934
euler_12,3,greedy,929536531,False,0,8,0.0,16,0.22475814819335938
euler_12,3,sa,295725890,False,0,8,0.0,5000,0.25434303283691406
euler_12,3,sa,2062602907,False,0,8,0.0,5000,0.25403285026550293
euler_12,3,sa,1681996276,False,0,8,0.0,5000,0.2560241222381592
euler_12,5,greedy,354416678,False,0,5,0.0,16,0.2172532081604004
euler_12,5,greedy,2121293695,False,0,5,0.0,18,0.24023008346557617
euler_12,5,greedy,1641348177,False,0,5,0.0,15,0.20637202262878418
euler_12,5,sa,1959815286,False,0,5,0.0,5000,0.24845623970031738
euler_12,5,sa,1479869768,False,0,5,0.0,5000,0.25519394874572754
euler_12,5,sa,1099263137,False,0,5,0.0,5000,0.24896502494812012
euler_12,7,greedy,68960424,False,0,4,0.0,20,0.2672238349914551
euler_12,7,greedy,1736498554,False,0,4,0.0,14,0.1884167194366455
euler_12,7,greedy,1355891923,False,0,4,0.0,23,0.3103210926055908
euler_12,7,sa,232857347,False,0,4,0.0,5000,0.25171399116516113
euler_12,7,sa,1999734364,False,0,4,0.0,5000,0.24489378929138184
euler_12,7,sa,1519788846,False,0,4,0.0,5000,0.260390043258667
euler_12,11,greedy,425511693,False,0,4,0.0,14,0.19101810455322266
euler_12,11,greedy,44905062,False,0,4,0.0,11,0.14377808570861816
euler_12,11,greedy,1712443192,False,0,4,0.0,13,0.17022228240966797
euler_12,11,sa,688747503,False,0,4,0.0,5000,0.24223995208740234
euler_12,11,sa,208801985,False,0,4,0.0,5000,0.24440622329711914
euler_12,11,sa,1975679002,False,0,4,0.0,5000,0.2467191219329834
euler_13,2,greedy,1283888529,False,0,12,0.0,28,0.4589090347290039
euler_13,2,greedy,903281898,False,0,12,0.0,25,0.41297483444213867
euler_13,2,greedy,522675267,False,0,12,0.0,24,0.4006180763244629
euler_13,2,sa,741803489,False,0,12,0.0,5000,0.26221680641174316
euler_13,2,sa,261857971,False,0,12,0.0,5000,0.2682919502258301
euler_13,2,sa,2028734988,False,0,12,0.0,5000,0.2660400867462158
euler_13,3,greedy,639530978,False,0,8,0.0,19,0.3002471923828125
euler_13,3,greedy,159585460,False,0,8,0.0,18,0.2842288017272949
euler_13,3,greedy,1926462477,False,0,8,0.0,18,0.28892087936401367
euler_13,3,sa,803427901,False,0,8,0.0,5000,0.2537519931793213
euler_13,3,sa,422821270,False,0,8,0.0,5000,0.2550950050354004
euler_13,3,sa,42214639,False,0,8,0.0,5000,0.2558877468109131
euler_13,5,greedy,1329156514,False,0,5,0.0,17,0.2538759708404541
euler_13,5,greedy,948549883,False,0,5,0.0,17,0.25789690017700195
euler_13,5,greedy,567943252,False,0,5,0.0,24,0.36354494094848633
euler_13,5,sa,739453461,False,0,5,0.0,5000,0.2508971691131592
euler_13,5,sa,358846830,False,0,5,0.0,5000,0.24715399742126465
euler_13,5,sa,2026384960,False,0,5,0.0,5000,0.2487950325012207
euler_13,7,greedy,996082247,False,0,4,0.0,16,0.23987102508544922
euler_13,7,greedy,615475616,False,0,4,0.0,17,0.25343918800354004
euler_13,7,greedy,234868985,False,0,4,0.0,15,0.21817517280578613
euler_13,7,sa,453997207,False,0,4,0.0,5000,0.2672111988067627
euler_13,7,sa,2121535337,False,0,4,0.0,5000,0.25072598457336426
euler_13,7,sa,1740928706,False,0,4,0.0,5000,0.24943184852600098
euler_13,11,greedy,1451972403,False,0,4,0.0,13,0.1871795654296875
euler_13,11,greedy,1071365772,False,0,4,0.0,19,0.2760040760040283
euler_13,11,greedy,591420254,False,0,4,0.0,13,0.1877450942993164
euler_13,11,sa,810548476,False,0,4,0.0,5000,0.251662015914917
euler_13,11,sa,429941845,False,0,4,0.0,5000,0.24557089805603027
euler_13,11,sa,2097479975,False,0,4,0.0,5000,0.2434070110321045
euler_14,2,greedy,1375678933,False,1,12,0.08333333333333333,28,0.45323610305786133
euler_14,2,greedy,895733415,False,0,12,0.0,27,0.43427610397338867
euler_14,2,greedy,515126784,False,0,12,0.0,32,0.5243182182312012
euler_14,2,sa,734255006,False,0,12,0.0,5000,0.26220703125
euler_14,2,sa,353648375,False,0,12,0.0,5000,0.2621340751647949
euler_14,2,sa,2021186505,False,0,12,0.0,5000,0.2623631954193115
euler_14,3,greedy,631982495,False,0,8,0.0,25,0.38494014739990234
euler_14,3,greedy,251375864,False,0,8,0.0,19,0.29291796684265137
euler_14,3,greedy,1918913994,False,0,8,0.0,17,0.2653687000274658
euler_14,3,sa,89897455,False,0,8,0.0,5000,0.25365304946899414
euler_14,3,sa,1757435585,False,0,8,0.0,5000,0.25697898864746094
euler_14,3,sa,1376828954,False,0,8,0.0,5000,0.2534911632537842
euler_14,5,greedy,1151847091,False,0,5,0.0,16,0.242279052734375
euler_14,5,greedy,771240460,False,0,5,0.0,12,0.17667675018310547
euler_14,5,greedy,291294942,False,0,5,0.0,18,0.26792311668395996
euler_14,5,sa,510423164,False,0,5,0.0,5000,0.254594087600708
euler_14,5,sa,129816533,False,0,5,0.0,5000,0.2500910758972168
euler_14,5,sa,1797354663,False,0,5,0.0,5000,0.24781489372253418
euler_14,7,greedy,1087872651,False,0,4,0.0,21,0.31202197074890137
euler_14,7,greedy,607927133,False,0,4,0.0,19,0.279163122177124
euler_14,7,greedy,227320502,False,0,4,0.0,12,0.17778611183166504
euler_14,7,sa,446448724,False,0,4,0.0,5000,0.24528908729553223
euler_14,7,sa,65842093,False,0,4,0.0,5000,0.2508721351623535
euler_14,7,sa,1733380223,False,0,4,0.0,5000,0.24910998344421387
euler_14,11,greedy,1444423920,False,0,4,0.0,14,0.20620203018188477
euler_14,11,greedy,1063817289,False,0,4,0.0,17,0.24535393714904785
euler_14,11,greedy,683210658,False,0,4,0.0,18,0.2635829448699951
euler_14,11,sa,902338880,False,0,4,0.0,5000,0.24340295791625977
euler_14,11,sa,422393362,False,0,4,0.0,5000,0.2525050640106201
euler_14,11,sa,41786731,False,0,4,0.0,5000,0.24477076530456543
euler_15,2,greedy,827580409,False,0,12,0.0,28,0.4796109199523926
euler_15,2,greedy,446973778,False,0,12,0.0,28,0.46925973892211914
euler_15,2,greedy,2114511908,False,1,12,0.08333333333333333,30,0.510897159576416
euler_15,2,sa,186156482,False,0,12,0.0,5000,0.2632782459259033
euler_15,2,sa,1953033499,False,0,12,0.0,5000,0.2682681083679199
euler_15,2,sa,1572426868,False,0,12,0.0,5000,0.27778196334838867
euler_15,3,greedy,1407963520,False,0,8,0.0,22,0.3519418239593506
euler_15,3,greedy,1027356889,False,0,8,0.0,16,0.25734710693359375
euler_15,3,greedy,646750258,False,0,8,0.0,18,0.2817099094390869
euler_15,3,sa,865878480,False,0,8,0.0,5000,0.2532498836517334
euler_15,3,sa,385932962,False,0,8,0.0,5000,0.25597596168518066
euler_15,3,sa,5326331,False,0,8,0.0,5000,0.25935912132263184
euler_15,5,greedy,1927828116,False,0,5,0.0,16,0.24499821662902832
euler_15,5,greedy,1547221485,False,0,5,0.0,16,0.24127697944641113
euler_15,5,greedy,1067275967,False,0,5,0.0,15,0.22789406776428223
euler_15,5,sa,1286404189,False,0,5,0.0,5000,0.2490999698638916
euler_15,5,sa,905797558,False,0,5,0.0,5000,0.25282979011535645
euler_15,5,sa,525190927,False,0,5,0.0,5000,0.2487790584564209
euler_15,7,greedy,1863853676,False,0,4,0.0,20,0.3100399971008301
euler_15,7,greedy,1483247045,False,0,4,0.0,13,0.19704484939575195
euler_15,7,greedy,1003301527,False,0,4,0.0,14,0.2114717960357666
euler_15,7,sa,1222429749,False,0,4,0.0,5000,0.258317232131958
euler_15,7,sa,841823118,False,0,4,0.0,5000,0.24657797813415527
euler_15,7,sa,361877600,False,0,4,0.0,5000,0.24618983268737793
euler_15,11,greedy,995664283,False,0,4,0.0,17,0.24622702598571777
euler_15,11,greedy,515718765,False,0,4,0.0,12,0.196274995803833
euler_15,11,greedy,135112134,False,0,4,0.0,16,0.24060368537902832
euler_15,11,sa,1159561206,False,0,4,0.0,5000,0.2541370391845703
euler_15,11,sa,778954575,False,0,4,0.0,5000,0.2505829334259033
euler_15,11,sa,299009057,False,0,4,0.0,5000,0.24474811553955078
euler_16,2,greedy,318674207,False,0,12,0.0,29,0.38608694076538086
euler_16,2,greedy,2085551224,False,0,12,0.0,26,0.34310388565063477
euler_16,2,greedy,1605605706,False,0,12,0.0,34,0.45455312728881836
euler_16,2,sa,1071133952,False,0,12,0.0,5000,0.2758059501647949
euler_16,2,sa,591188434,False,0,12,0.0,5000,0.2668330669403076
euler_16,2,sa,210581803,False,0,12,0.0,5000,0.2672266960144043
euler_16,3,greedy,1552700477,False,0,8,0.0,15,0.18542003631591797
euler_16,3,greedy,1072754959,False,0,8,0.0,17,0.21093392372131348
euler_16,3,greedy,692148328,False,0,8,0.0,18,0.22568178176879883
euler_16,3,sa,911276550,False,0,8,0.0,5000,0.2533843517303467
euler_16,3,sa,530669919,False,0,8,0.0,5000,0.255277156829834
euler_16,3,sa,50724401,False,0,8,0.0,5000,0.25399017333984375
euler_16,5,greedy,94842365,False,0,5,0.0,18,0.22089433670043945
euler_16,5,greedy,1861719382,False,0,5,0.0,18,0.21692800521850586
euler_16,5,greedy,1381773864,False,0,5,0.0,22,0.2697782516479492
euler_16,5,sa,847302110,False,0,5,0.0,5000,0.2452688217163086
euler_16,5,sa,367356592,False,0,5,0.0,5000,0.24745392799377441
euler_16,5,sa,2134233609,False,0,5,0.0,5000,0.24889087677001953
euler_16,7,greedy,1909251746,False,0,4,0.0,14,0.17258286476135254
euler_16,7,greedy,1528645115,False,0,4,0.0,13,0.15395307540893555
euler_16,7,greedy,1048699597,False,0,4,0.0,14,0.16554594039916992
euler_16,7,sa,1367166706,False,0,4,0.0,5000,0.24554705619812012
euler_16,7,sa,887221188,False,0,4,0.0,5000,0.2445850372314453
euler_16,7,sa,506614557,False,0,4,0.0,5000,0.24754929542541504
euler_16,11,greedy,1070597117,False,0,4,0.0,12,0.14053988456726074
euler_16,11,greedy,590651599,False,0,4,0.0,10,0.11701798439025879
euler_16,11,greedy,210044968,False,0,4,0.0,15,0.17615175247192383
euler_16,11,sa,1723717975,False,0,4,0.0,5000,0.2450401782989502
euler_16,11,sa,1343111344,False,0,4,0.0,5000,0.24834299087524414
euler_16,11,sa,863165826,False,0,4,0.0,5000,0.24591684341430664
euler_17,2,greedy,1846877842,False,0,12,0.0,27,0.3677821159362793
euler_17,2,greedy,1466271211,False,2,12,0.16666666666666666,25,0.34361910820007324
euler_17,2,greedy,986325693,False,0,12,0.0,27,0.3688220977783203
euler_17,2,sa,1205453915,False,0,12,0.0,5000,0.2672450542449951
euler_17,2,sa,824847284,False,0,12,0.0,5000,0.26695823669433594
euler_17,2,sa,344901766,False,0,12,0.0,5000,0.26208066940307617
euler_17,3,greedy,279777305,False,0,8,0.0,22,0.2807180881500244
euler_17,3,greedy,2046654322,False,0,8,0.0,15,0.19341683387756348
euler_17,3,greedy,1666047691,False,0,8,0.0,12,0.15247011184692383
euler_17,3,sa,1885175913,False,0,8,0.0,5000,0.2528660297393799
euler_17,3,sa,1405230395,False,0,8,0.0,5000,0.2523460388183594
euler_17,3,sa,1024623764,False,0,8,0.0,5000,0.25861406326293945
euler_17,5,greedy,1068741728,False,0,5,0.0,15,0.1863260269165039
euler_17,5,greedy,688135097,False,0,5,0.0,15,0.18360495567321777
euler_17,5,greedy,208189579,False,0,5,0.0,13,0.1651301383972168
euler_17,5,sa,1821201473,False,0,5,0.0,5000,0.3951852321624756
euler_17,5,sa,1341255955,False,0,5,0.0,5000,0.347851037979126
euler_17,5,sa,960649324,False,0,5,0.0,5000,0.2621912956237793
euler_17,7,greedy,1559071560,False,0,4,0.0,11,0.1385669708251953
euler_17,7,greedy,1178464929,False,0,4,0.0,17,0.4101221561431885
euler_17,7,greedy,698519411,False,0,4,0.0,21,1.0352189540863037
euler_17,7,sa,917647633,False,0,4,0.0,5000,0.8978722095489502
euler_17,7,sa,537041002,False,0,4,0.0,5000,0.37374281883239746
euler_17,7,sa,156434371,False,0,4,0.0,5000,0.45995330810546875
euler_17,11,greedy,2014961716,False,0,4,0.0,16,0.2599642276763916
euler_17,11,greedy,1535016198,False,0,4,0.0,17,0.2509729862213135
euler_17,11,greedy,1154409567,False,0,4,0.0,14,0.21360206604003906
euler_17,11,sa,1373537789,False,0,4,0.0,5000,0.32962989807128906
euler_17,11,sa,893592271,False,0,4,0.0,5000,0.3738102912902832
euler_17,11,sa,512985640,False,0,4,0.0,5000,0.2900080680847168
euler_18,2,greedy,653739311,False,1,12,0.08333333333333333,23,0.4069058895111084
euler_18,2,greedy,173793793,False,0,12,0.0,27,0.7355022430419922
euler_18,2,greedy,1940670810,False,0,12,0.0,32,0.7225279808044434
euler_18,2,sa,1306860169,False,0,12,0.0,5000,0.9975831508636475
euler_18,2,sa,926253538,False,0,12,0.0,5000,0.3700900077819824
euler_18,2,sa,446308020,False,0,12,0.0,5000,0.5082581043243408
euler_18,3,greedy,1788426694,False,0,8,0.0,19,0.4202077388763428
euler_18,3,greedy,1407820063,False,0,8,0.0,19,0.4146411418914795
euler_18,3,greedy,1027213432,False,0,8,0.0,15,0.29944705963134766
euler_18,3,sa,1246341654,False,0,8,0.0,5000,0.36854004859924316
euler_18,3,sa,766396136,False,0,8,0.0,5000,0.4719817638397217
euler_18,3,sa,385789505,False,0,8,0.0,5000,0.5548439025878906
euler_18,5,greedy,429907469,False,0,5,0.0,18,0.3472769260406494
euler_18,5,greedy,49300838,False,0,5,0.0,17,0.7292940616607666
euler_18,5,greedy,1716838968,False,0,5,0.0,17,0.35599493980407715
euler_18,5,sa,1182367214,False,0,5,0.0,5000,0.7719430923461914
euler_18,5,sa,702421696,False,0,5,0.0,5000,0.4179508686065674
euler_18,5,sa,321815065,False,0,5,0.0,5000,0.3491179943084717
euler_18,7,greedy,949772065,False,0,4,0.0,12,0.2416830062866211
euler_18,7,greedy,469826547,False,0,4,0.0,18,0.3444700241088867
euler_18,7,greedy,89219916,False,0,4,0.0,18,0.4657120704650879
euler_18,7,sa,1602892923,False,0,4,0.0,5000,0.3518710136413574
euler_18,7,sa,1222286292,False,0,4,0.0,5000,0.3049459457397461
euler_18,7,sa,742340774,False,0,4,0.0,5000,0.3024098873138428
euler_18,11,greedy,1306323334,False,0,4,0.0,11,0.2296907901763916
euler_18,11,greedy,925716703,False,0,4,0.0,14,0.2389991283416748
euler_18,11,greedy,445771185,False,0,4,0.0,12,0.19154095649719238
euler_18,11,sa,2058783079,False,0,4,0.0,5000,0.2565619945526123
euler_18,11,sa,1578837561,False,0,4,0.0,5000,0.25506091117858887
euler_18,11,sa,1198230930,False,0,4,0.0,5000,0.2558929920196533
euler_19,2,greedy,1861755170,False,1,12,0.08333333333333333,27,0.4151499271392822
euler_19,2,greedy,1481148539,False,1,12,0.08333333333333333,23,0.37389492988586426
euler_19,2,greedy,1100541908,False,0,12,0.0,32,0.8612270355224609
euler_19,2,sa,466731267,False,0,12,0.0,5000,0.519273042678833
euler_19,2,sa,86124636,False,0,12,0.0,5000,0.4184598922729492
euler_19,2,sa,1753662766,False,0,12,0.0,5000,0.4223611354827881
euler_19,3,greedy,1217397619,False,0,8,0.0,16,0.30710482597351074
euler_19,3,greedy,737452101,False,0,8,0.0,20,0.35292696952819824
euler_19,3,greedy,356845470,False,0,8,0.0,19,0.3601710796356201
euler_19,3,sa,627694566,False,0,8,0.0,5000,0.30864906311035156
euler_19,3,sa,147749048,False,0,8,0.0,5000,0.32422971725463867
euler_19,3,sa,1914626065,False,0,8,0.0,5000,0.32834696769714355
euler_19,5,greedy,1737262215,False,0,5,0.0,13,0.19707083702087402
euler_19,5,greedy,1257316697,False,0,5,0.0,20,0.6449840068817139
euler_19,5,greedy,876710066,False,0,5,0.0,17,0.47751307487487793
euler_19,5,sa,242899425,False,0,5,0.0,5000,0.3389699459075928
euler_19,5,sa,2009776442,False,0,5,0.0,5000,0.38302016258239746
euler_19,5,sa,1529830924,False,0,5,0.0,5000,0.42508387565612793
euler_19,7,greedy,1573948888,False,0,4,0.0,19,0.3382546901702881
euler_19,7,greedy,1193342257,False,0,4,0.0,17,0.27947282791137695
euler_19,7,greedy,812735626,False,0,4,0.0,19,0.3140242099761963
euler_19,7,sa,984245835,False,0,4,0.0,5000,0.3127140998840332
euler_19,7,sa,603639204,False,0,4,0.0,5000,0.2686929702758789
euler_19,7,sa,123693686,False,0,4,0.0,5000,0.2663538455963135
euler_19,11,greedy,2029839044,False,0,4,0.0,19,0.25693392753601074
euler_19,11,greedy,1649232413,False,0,4,0.0,14,0.5912408828735352
euler_19,11,greedy,1169286895,False,0,4,0.0,15,0.26862311363220215
euler_19,11,sa,634815141,False,0,4,0.0,5000,0.6060681343078613
euler_19,11,sa,154869623,False,0,4,0.0,5000,0.3645360469818115
euler_19,11,sa,1921746640,False,0,4,0.0,5000,0.369952917098999
euler_20,2,greedy,1039098432,False,0,12,0.0,26,0.6184771060943604
euler_20,2,greedy,658491801,False,0,12,0.0,20,0.4256761074066162
euler_20,2,greedy,277885170,False,0,12,0.0,24,0.43035078048706055
euler_20,2,sa,1302334242,False,0,12,0.0,5000,0.2933380603790283
euler_20,2,sa,921727611,False,0,12,0.0,5000,0.28368306159973145
euler_20,2,sa,441782093,False,0,12,0.0,5000,0.27980995178222656
euler_20,3,greedy,1783900767,False,0,8,0.0,19,0.2803661823272705
euler_20,3,greedy,1403294136,False,0,8,0.0,21,0.31003904342651367
euler_20,3,greedy,923348618,False,0,8,0.0,19,0.28917670249938965
euler_20,3,sa,1142476840,False,0,8,0.0,5000,0.27570295333862305
euler_20,3,sa,761870209,False,0,8,0.0,5000,0.2571220397949219
euler_20,3,sa,281924691,False,0,8,0.0,5000,0.2695178985595703
euler_20,5,greedy,1719926327,False,0,5,0.0,18,0.2517662048339844
euler_20,5,greedy,1239980809,False,0,5,0.0,11,0.1540672779083252
euler_20,5,greedy,859374178,False,0,5,0.0,22,0.3107609748840332
euler_20,5,sa,1078502400,False,0,5,0.0,5000,0.26108527183532715
euler_20,5,sa,697895769,False,0,5,0.0,5000,0.2720160484313965
euler_20,5,sa,217950251,False,0,5,0.0,5000,0.25005221366882324
euler_20,7,greedy,1655951887,False,0,4,0.0,22,0.3112938404083252
euler_20,7,greedy,1176006369,False,0,4,0.0,18,0.255220890045166
euler_20,7,greedy,795399738,False,0,4,0.0,15,0.22049498558044434
euler_20,7,sa,1014527960,False,0,4,0.0,5000,0.2567460536956787
euler_20,7,sa,633921329,False,0,4,0.0,5000,0.2586371898651123
euler_20,7,sa,153975811,False,0,4,0.0,5000,0.26915669441223145
euler_20,11,greedy,2012503156,False,0,4,0.0,12,0.16696500778198242
euler_20,11,greedy,1631896525,False,0,4,0.0,10,0.1385500431060791
euler_20,11,greedy,1151951007,False,0,4,0.0,19,0.2559812068939209
euler_20,11,sa,1371079229,False,0,4,0.0,5000,0.258908748626709
euler_20,11,sa,990472598,False,0,4,0.0,5000,0.24842476844787598
euler_20,11,sa,609865967,False,0,4,0.0,5000,0.2996821403503418
euler_21,2,greedy,1048342831,False,1,12,0.08333333333333333,32,0.5281119346618652
euler_21,2,greedy,667736200,False,1,12,0.08333333333333333,27,0.46552586555480957
euler_21,2,greedy,187790682,False,0,12,0.0,21,0.3299400806427002
euler_21,2,sa,406918904,False,0,12,0.0,5000,0.274216890335083
euler_21,2,sa,26312273,False,0,12,0.0,5000,0.280487060546875
euler_21,2,sa,1793189290,False,0,12,0.0,5000,0.2763988971710205
euler_21,3,greedy,1407244128,False,0,8,0.0,14,0.2123861312866211
euler_21,3,greedy,1026637497,False,0,8,0.0,23,0.3682079315185547
euler_21,3,greedy,546691979,False,0,8,0.0,17,0.250993013381958
euler_21,3,sa,1670479938,False,0,8,0.0,5000,0.264923095703125
euler_21,3,sa,1190534420,False,0,8,0.0,5000,0.2579920291900635
euler_21,3,sa,809927789,False,0,8,0.0,5000,0.26677608489990234
euler_21,5,greedy,854045753,False,0,5,0.0,15,0.2328808307647705
euler_21,5,greedy,473439122,False,0,5,0.0,17,0.2552633285522461
euler_21,5,greedy,2140977252,False,0,5,0.0,17,0.2703080177307129
euler_21,5,sa,1606505498,False,0,5,0.0,5000,0.2629570960998535
euler_21,5,sa,1126559980,False,0,5,0.0,5000,0.28456807136535645
euler_21,5,sa,745953349,False,0,5,0.0,5000,0.2740910053253174
euler_21,7,greedy,1344375585,False,0,4,0.0,16,0.23343896865844727
euler_21,7,greedy,963768954,False,0,4,0.0,14,0.21242094039916992
euler_21,7,greedy,483823436,False,0,4,0.0,17,0.24425101280212402
euler_21,7,sa,702951658,False,0,4,0.0,5000,0.265488862991333
euler_21,7,sa,322345027,False,0,4,0.0,5000,0.26963090896606445
euler_21,7,sa,2089222044,False,0,4,0.0,5000,0.26323413848876953
euler_21,11,greedy,1216426705,False,0,4,0.0,15,0.23754596710205078
euler_21,11,greedy,736481187,False,0,4,0.0,16,0.2666001319885254
euler_21,11,greedy,355874556,False,0,4,0.0,16,0.2674868106842041
euler_21,11,sa,575002778,False,0,4,0.0,5000,0.28777408599853516
euler_21,11,sa,194396147,False,0,4,0.0,5000,0.2991931438446045
euler_21,11,sa,1861934277,False,0,4,0.0,5000,0.28380322456359863
euler_22,2,greedy,354353561,False,2,12,0.16666666666666666,30,0.5730271339416504
euler_22,2,greedy,2121230578,False,2,12,0.16666666666666666,28,0.6131079196929932
euler_22,2,greedy,1641285060,False,0,12,0.0,32,0.9576799869537354
euler_22,2,sa,1106813306,False,0,12,0.0,5000,0.2954542636871338
euler_22,2,sa,626867788,False,0,12,0.0,5000,0.27934694290161133
euler_22,2,sa,246261157,False,0,12,0.0,5000,0.2917449474334717
euler_22,3,greedy,1034075559,False,0,8,0.0,20,0.35965538024902344
euler_22,3,greedy,554130041,False,0,8,0.0,20,0.39196205139160156
euler_22,3,greedy,173523410,False,0,8,0.0,21,0.3877451419830322
euler_22,3,sa,1687196417,False,0,8,0.0,5000,0.27651000022888184
euler_22,3,sa,1306589786,False,0,8,0.0,5000,0.2885150909423828
euler_22,3,sa,826644268,False,0,8,0.0,5000,0.2895791530609131
euler_22,5,greedy,970101119,False,0,5,0.0,20,0.3501119613647461
euler_22,5,greedy,490155601,False,0,5,0.0,17,0.29372501373291016
euler_22,5,greedy,109548970,False,0,5,0.0,15,0.26059985160827637
euler_22,5,sa,328677192,False,0,5,0.0,5000,0.2864999771118164
euler_22,5,sa,1996215322,False,0,5,0.0,5000,0.28975391387939453
euler_22,5,sa,1615608691,False,0,5,0.0,5000,0.2740640640258789
euler_22,7,greedy,585305978,False,0,4,0.0,18,0.3047981262207031
euler_22,7,greedy,204699347,False,0,4,0.0,21,0.36750292778015137
euler_22,7,greedy,1872237477,False,0,4,0.0,19,0.3157486915588379
euler_22,7,sa,848541788,False,0,4,0.0,5000,0.27152585983276367
euler_22,7,sa,368596270,False,0,4,0.0,5000,0.28679561614990234
euler_22,7,sa,2135473287,False,0,4,0.0,5000,0.2898380756378174
euler_22,11,greedy,522437435,False,0,4,0.0,10,0.16055965423583984
euler_22,11,greedy,42491917,False,0,4,0.0,18,0.2976348400115967
euler_22,11,greedy,1809368934,False,0,4,0.0,13,0.21037673950195312
euler_22,11,sa,1175558293,False,0,4,0.0,5000,0.26250314712524414
euler_22,11,sa,794951662,False,0,4,0.0,5000,0.27036309242248535
euler_22,11,sa,414345031,False,0,4,0.0,5000,0.2563917636871338
euler_23,2,greedy,559739885,False,0,12,0.0,25,0.4218020439147949
euler_23,2,greedy,179133254,False,1,12,0.08333333333333333,33,0.5564370155334473
euler_23,2,greedy,1846671384,False,0,12,0.0,26,0.4355950355529785
euler_23,2,sa,17654845,False,0,12,0.0,5000,0.28261899948120117
euler_23,2,sa,1685192975,False,0,12,0.0,5000,0.2721741199493408
euler_23,2,sa,1304586344,False,0,12,0.0,5000,0.2741520404815674
euler_23,3,greedy,1187741009,False,0,8,0.0,21,0.33127903938293457
euler_23,3,greedy,807134378,False,0,8,0.0,19,0.31209421157836914
euler_23,3,greedy,327188860,False,0,8,0.0,23,0.40538668632507324
euler_23,3,sa,1940200754,False,0,8,0.0,5000,0.27454686164855957
euler_23,3,sa,1460255236,False,0,8,0.0,5000,0.2847602367401123
euler_23,3,sa,1079648605,False,0,8,0.0,5000,0.29048585891723633
euler_23,5,greedy,335908043,False,0,5,0.0,21,0.32642197608947754
euler_23,5,greedy,2102785060,False,0,5,0.0,23,0.3782310485839844
euler_23,5,greedy,1722178429,False,0,5,0.0,16,0.2550930976867676
euler_23,5,sa,1941306651,False,0,5,0.0,5000,0.2917633056640625
euler_23,5,sa,1461361133,False,0,5,0.0,5000,0.2902262210845947
euler_23,5,sa,1080754502,False,0,5,0.0,5000,0.2938220500946045
euler_23,7,greedy,271933603,False,0,4,0.0,17,0.272921085357666
euler_23,7,greedy,2038810620,False,0,4,0.0,16,0.27036309242248535
euler_23,7,greedy,1558865102,False,0,4,0.0,19,0.336820125579834
euler_23,7,sa,1877332211,False,0,4,0.0,5000,0.30094313621520996
euler_23,7,sa,1397386693,False,0,4,0.0,5000,0.28597021102905273
euler_23,7,sa,1016780062,False,0,4,0.0,5000,0.2919650077819824
euler_23,11,greedy,727823759,False,0,4,0.0,16,0.26233386993408203
euler_23,11,greedy,247878241,False,0,4,0.0,13,0.21529412269592285
euler_23,11,greedy,2014755258,False,0,4,0.0,10,0.16013193130493164
euler_23,11,sa,86399832,False,0,4,0.0,5000,0.27538514137268066
euler_23,11,sa,1853276849,False,0,4,0.0,5000,0.2671952247619629
euler_23,11,sa,1373331331,False,0,4,0.0,5000,0.27082395553588867
euler_24,2,greedy,1998841291,False,0,12,0.0,32,0.5877830982208252
euler_24,2,greedy,1618234660,False,0,12,0.0,26,0.4720489978790283
euler_24,2,greedy,1138289142,False,0,12,0.0,36,0.7125518321990967
euler_24,2,sa,603817388,False,0,12,0.0,5000,0.30683302879333496
euler_24,2,sa,123871870,False,0,12,0.0,5000,0.2979550361633301
euler_24,2,sa,1890748887,False,0,12,0.0,5000,0.2788269519805908
euler_24,3,greedy,12320942,False,0,8,0.0,21,0.35552215576171875
euler_24,3,greedy,1679859072,False,0,8,0.0,19,0.30980896949768066
euler_24,3,greedy,1299252441,False,0,8,0.0,22,0.37331485748291016
euler_24,3,sa,665441800,False,0,8,0.0,5000,0.2615528106689453
euler_24,3,sa,284835169,False,0,8,0.0,5000,0.2611856460571289
euler_24,3,sa,1952373299,False,0,8,0.0,5000,0.2649552822113037
euler_24,5,greedy,922070586,False,0,5,0.0,18,0.30237793922424316
euler_24,5,greedy,541463955,False,0,5,0.0,14,0.23585772514343262
euler_24,5,greedy,160857324,False,0,5,0.0,17,0.31017494201660156
euler_24,5,sa,1185306396,False,0,5,0.0,5000,0.32063794136047363
euler_24,5,sa,804699765,False,0,5,0.0,5000,0.37209010124206543
euler_24,5,sa,324754247,False,0,5,0.0,5000,0.6629986763000488
euler_24,7,greedy,368872211,False,0,4,0.0,19,0.6312451362609863
euler_24,7,greedy,2135749228,False,0,4,0.0,17,0.34641408920288086
euler_24,7,greedy,1655803710,False,0,4,0.0,20,0.5430159568786621
euler_24,7,sa,1121331956,False,0,4,0.0,5000,0.4616119861602783
euler_24,7,sa,641386438,False,0,4,0.0,5000,0.48625683784484863
euler_24,7,sa,260779807,False,0,4,0.0,5000,0.3451988697052002
euler_24,11,greedy,795227603,False,0,4,0.0,16,0.31171679496765137
euler_24,11,greedy,414620972,False,0,4,0.0,17,0.33516812324523926
euler_24,11,greedy,2082159102,False,0,4,0.0,16,0.2978801727294922
euler_24,11,sa,153803676,False,0,4,0.0,5000,0.3595390319824219
euler_24,11,sa,1920680693,False,0,4,0.0,5000,0.32787322998046875
euler_24,11,sa,1540074062,False,0,4,0.0,5000,0.3453519344329834
euler_25,2,greedy,508083826,False,1,12,0.08333333333333333,24,0.4231729507446289
euler_25,2,greedy,127477195,False,0,12,0.0,26,0.42827796936035156
euler_25,2,greedy,1894354212,False,1,12,0.08333333333333333,27,0.4658350944519043
euler_25,2,sa,2113482434,False,0,12,0.0,5000,0.27976417541503906
euler_25,2,sa,1633536916,False,0,12,0.0,5000,0.2847771644592285
euler_25,2,sa,1252930285,False,0,12,0.0,5000,0.2778308391571045
euler_25,3,greedy,866985123,False,0,8,0.0,18,0.28687095642089844
euler_25,3,greedy,486378492,False,0,8,0.0,18,0.28405117988586426
euler_25,3,greedy,105771861,False,0,8,0.0,13,0.21280288696289062
euler_25,3,sa,1130220933,False,0,8,0.0,5000,0.2656073570251465
euler_25,3,sa,749614302,False,0,8,0.0,5000,0.27037596702575684
euler_25,3,sa,269668784,False,0,8,0.0,5000,0.28047990798950195
euler_25,5,greedy,383590871,False,0,5,0.0,12,0.18534612655639648
euler_25,5,greedy,2051129001,False,0,5,0.0,13,0.19437313079833984
euler_25,5,greedy,1670522370,False,0,5,0.0,15,0.23142504692077637
euler_25,5,sa,1889650592,False,0,5,0.0,5000,0.2583339214324951
euler_25,5,sa,1409705074,False,0,5,0.0,5000,0.2726781368255615
euler_25,5,sa,1029098443,False,0,5,0.0,5000,0.2669391632080078
euler_25,7,greedy,804116580,False,0,4,0.0,13,0.20647501945495605
euler_25,7,greedy,423509949,False,0,4,0.0,17,0.2569451332092285
euler_25,7,greedy,2091048079,False,0,4,0.0,16,0.2539541721343994
euler_25,7,sa,262031540,False,0,4,0.0,5000,0.2687528133392334
euler_25,7,sa,1929569670,False,0,4,0.0,5000,0.26142001152038574
euler_25,7,sa,1548963039,False,0,4,0.0,5000,0.26233386993408203
euler_25,11,greedy,1260006736,False,0,4,0.0,11,0.1575160026550293
euler_25,11,greedy,780061218,False,0,4,0.0,8,0.11798095703125
euler_25,11,greedy,399454587,False,0,4,0.0,17,0.2587709426879883
euler_25,11,sa,618582809,False,0,4,0.0,5000,0.2610130310058594
euler_25,11,sa,237976178,False,0,4,0.0,5000,0.27144694328308105
euler_25,11,sa,1905514308,False,0,4,0.0,5000,0.2547261714935303
euler_26,2,greedy,1043007072,False,3,12,0.25,32,0.5893151760101318
euler_26,2,greedy,662400441,False,1,12,0.08333333333333333,27,0.5088791847229004
euler_26,2,greedy,182454923,False,1,12,0.08333333333333333,37,0.6968958377838135
euler_26,2,sa,1795466817,False,0,12,0.0,5000,0.2737610340118408
euler_26,2,sa,1315521299,False,0,12,0.0,5000,0.27896690368652344
euler_26,2,sa,934914668,False,0,12,0.0,5000,0.2719597816467285
euler_26,3,greedy,1722729070,False,0,8,0.0,23,0.40097784996032715
euler_26,3,greedy,1242783552,False,0,8,0.0,20,0.34125781059265137
euler_26,3,greedy,862176921,False,0,8,0.0,22,0.38234591484069824
euler_26,3,sa,1081305143,False,0,8,0.0,5000,0.26527881622314453
euler_26,3,sa,601359625,False,0,8,0.0,5000,0.25928497314453125
euler_26,3,sa,220752994,False,0,8,0.0,5000,0.2671542167663574
euler_26,5,greedy,819175230,False,0,5,0.0,9,0.15375208854675293
euler_26,5,greedy,438568599,False,0,5,0.0,15,0.24811983108520508
euler_26,5,greedy,57961968,False,0,5,0.0,20,0.3434932231903076
euler_26,5,sa,1571634975,False,0,5,0.0,5000,0.27159929275512695
euler_26,5,sa,1191028344,False,0,5,0.0,5000,0.26181697845458984
euler_26,5,sa,711082826,False,0,5,0.0,5000,0.2581901550292969
euler_26,7,greedy,755200790,False,0,4,0.0,18,0.29144906997680664
euler_26,7,greedy,374594159,False,0,4,0.0,18,0.30642104148864746
euler_26,7,greedy,2042132289,False,0,4,0.0,26,0.4237558841705322
euler_26,7,sa,165497737,False,0,4,0.0,5000,0.25530004501342773
euler_26,7,sa,1932374754,False,0,4,0.0,5000,0.2561180591583252
euler_26,7,sa,1452429236,False,0,4,0.0,5000,0.26667284965515137
euler_26,11,greedy,1211090946,False,0,4,0.0,16,0.2633237838745117
euler_26,11,greedy,731145428,False,0,4,0.0,11,0.18591785430908203
euler_26,11,greedy,350538797,False,0,4,0.0,17,0.2746450901031494
euler_26,11,sa,621387893,False,0,4,0.0,5000,0.2483828067779541
euler_26,11,sa,141442375,False,0,4,0.0,5000,0.26749181747436523
euler_26,11,sa,1908319392,False,0,4,0.0,5000,0.2528500556945801
euler_27,2,greedy,1740605597,False,2,12,0.16666666666666666,33,0.5877251625061035
euler_27,2,greedy,1260660079,False,0,12,0.0,30,0.5200521945953369
euler_27,2,greedy,880053448,False,0,12,0.0,29,0.5082912445068359
euler_27,2,sa,246242807,False,0,12,0.0,5000,0.26727986335754395
euler_27,2,sa,2013119824,False,0,12,0.0,5000,0.26831674575805664
euler_27,2,sa,1533174306,False,0,12,0.0,5000,0.27077770233154297
euler_27,3,greedy,173505060,False,0,8,0.0,14,0.2299330234527588
euler_27,3,greedy,1940382077,False,0,8,0.0,22,0.3684380054473877
euler_27,3,greedy,1460436559,False,0,8,0.0,14,0.23761487007141113
euler_27,3,sa,925964805,False,0,8,0.0,5000,0.26120615005493164
euler_27,3,sa,446019287,False,0,8,0.0,5000,0.26419806480407715
euler_27,3,sa,65412656,False,0,8,0.0,5000,0.26689791679382324
euler_27,5,greedy,1738255569,False,0,5,0.0,14,0.2214651107788086
euler_27,5,greedy,1357648938,False,0,5,0.0,15,0.2508571147918701
euler_27,5,greedy,877703420,False,0,5,0.0,16,0.25806307792663574
euler_27,5,sa,343231666,False,0,5,0.0,5000,0.259113073348999
euler_27,5,sa,2010769796,False,0,5,0.0,5000,0.2530691623687744
euler_27,5,sa,1630163165,False,0,5,0.0,5000,0.260134220123291
euler_27,7,greedy,1452799315,False,0,4,0.0,16,0.24249005317687988
euler_27,7,greedy,972853797,False,0,4,0.0,19,0.2873101234436035
euler_27,7,greedy,592247166,False,0,4,0.0,18,0.27894091606140137
euler_27,7,sa,763757375,False,0,4,0.0,5000,0.26444292068481445
euler_27,7,sa,383150744,False,0,4,0.0,5000,0.25116395950317383
euler_27,7,sa,2544113,False,0,4,0.0,5000,0.2634420394897461
euler_27,11,greedy,1809350584,False,0,4,0.0,16,0.24237704277038574
euler_27,11,greedy,1428743953,False,0,4,0.0,17,0.2500290870666504
euler_27,11,greedy,948798435,False,0,4,0.0,18,0.2732429504394531
euler_27,11,sa,1219647531,False,0,4,0.0,5000,0.27089905738830566
euler_27,11,sa,839040900,False,0,4,0.0,5000,0.2661919593811035
euler_27,11,sa,359095382,False,0,4,0.0,5000,0.2734839916229248
euler_28,2,greedy,912032887,False,0,12,0.0,36,0.6002459526062012
euler_28,2,greedy,432087369,False,0,12,0.0,25,0.41226911544799805
euler_28,2,greedy,51480738,False,1,12,0.08333333333333333,27,0.4597897529602051
euler_28,2,sa,270608960,False,0,12,0.0,5000,0.2793617248535156
euler_28,2,sa,2037485977,False,0,12,0.0,5000,0.27526092529296875
euler_28,2,sa,1557540459,False,0,12,0.0,5000,0.2685818672180176
euler_28,3,greedy,168336449,False,0,8,0.0,16,0.25614094734191895
euler_28,3,greedy,1935213466,False,0,8,0.0,19,0.30156373977661133
euler_28,3,greedy,1455267948,False,0,8,0.0,18,0.28961920738220215
euler_28,3,sa,920796194,False,0,8,0.0,5000,0.282059907913208
euler_28,3,sa,440850676,False,0,8,0.0,5000,0.2545509338378906
euler_28,3,sa,60244045,False,0,8,0.0,5000,0.2628300189971924
euler_28,5,greedy,104362009,False,0,5,0.0,17,0.2608981132507324
euler_28,5,greedy,1871239026,False,0,5,0.0,18,0.27480316162109375
euler_28,5,greedy,1391293508,False,0,5,0.0,20,0.30028796195983887
euler_28,5,sa,1610421730,False,0,5,0.0,5000,0.2653229236602783
euler_28,5,sa,1229815099,False,0,5,0.0,5000,0.25703883171081543
euler_28,5,sa,849208468,False,0,5,0.0,5000,0.25174665451049805
euler_28,7,greedy,624226605,False,0,4,0.0,18,0.2638683319091797
euler_28,7,greedy,144281087,False,0,4,0.0,19,0.2807788848876953
euler_28,7,greedy,1911158104,False,0,4,0.0,18,0.2621440887451172
euler_28,7,sa,2130286326,False,0,4,0.0,5000,0.258134126663208
euler_28,7,sa,1749679695,False,0,4,0.0,5000,0.27113795280456543
euler_28,7,sa,1269734177,False,0,4,0.0,5000,0.26898193359375
euler_28,11,greedy,980777874,False,0,4,0.0,9,0.13321185111999512
euler_28,11,greedy,600171243,False,0,4,0.0,16,0.23937201499938965
euler_28,11,greedy,219564612,False,0,4,0.0,14,0.20412492752075195
euler_28,11,sa,438692834,False,0,4,0.0,5000,0.2607460021972656
euler_28,11,sa,2106230964,False,0,4,0.0,5000,0.25760912895202637
euler_28,11,sa,1725624333,False,0,4,0.0,5000,0.26076817512512207
euler_29,2,greedy,1678076954,False,1,12,0.08333333333333333,32,0.5499880313873291
euler_29,2,greedy,1297470323,False,0,12,0.0,30,0.5016181468963623
euler_29,2,greedy,916863692,False,1,12,0.08333333333333333,26,0.4369242191314697
euler_29,2,sa,283053051,False,0,12,0.0,5000,0.299896240234375
euler_29,2,sa,2049930068,False,0,12,0.0,5000,0.2801342010498047
euler_29,2,sa,1569984550,False,0,12,0.0,5000,0.26924800872802734
euler_29,3,greedy,1033719403,False,0,8,0.0,15,0.23621296882629395
euler_29,3,greedy,653112772,False,0,8,0.0,18,0.28812217712402344
euler_29,3,greedy,173167254,False,0,8,0.0,20,0.3224630355834961
euler_29,3,sa,444016350,False,0,8,0.0,5000,0.26517319679260254
euler_29,3,sa,2111554480,False,0,8,0.0,5000,0.2746701240539551
euler_29,3,sa,1730947849,False,0,8,0.0,5000,0.2628180980682373
euler_29,5,greedy,1775065813,False,0,5,0.0,20,0.31417298316955566
euler_29,5,greedy,1394459182,False,0,5,0.0,13,0.1946251392364502
euler_29,5,greedy,914513664,False,0,5,0.0,14,0.2152080535888672
euler_29,5,sa,380041910,False,0,5,0.0,5000,0.25159382820129395
euler_29,5,sa,2047580040,False,0,5,0.0,5000,0.2536499500274658
euler_29,5,sa,1666973409,False,0,5,0.0,5000,0.26305389404296875
euler_29,7,greedy,1390270672,False,0,4,0.0,20,0.30958008766174316
euler_29,7,greedy,1009664041,False,0,4,0.0,15,0.22586917877197266
euler_29,7,greedy,629057410,False,0,4,0.0,13,0.1936938762664795
euler_29,7,sa,800567619,False,0,4,0.0,5000,0.2554662227630615
euler_29,7,sa,419960988,False,0,4,0.0,5000,0.2555840015411377
euler_29,7,sa,2087499118,False,0,4,0.0,5000,0.25618791580200195
euler_29,11,greedy,1846160828,False,0,4,0.0,14,0.2184162139892578
euler_29,11,greedy,1465554197,False,0,4,0.0,14,0.22140789031982422
euler_29,11,greedy,985608679,False,0,4,0.0,11,0.1625978946685791
euler_29,11,sa,451136925,False,0,4,0.0,5000,0.2469780445098877
euler_29,11,sa,2118675055,False,0,4,0.0,5000,0.2503020763397217
euler_29,11,sa,1738068424,False,0,4,0.0,5000,0.2548820972442627
euler_30,2,greedy,1168905172,False,0,12,0.0,30,0.5017678737640381
euler_30,2,greedy,688959654,False,1,12,0.08333333333333333,34,0.6125600337982178
euler_30,2,greedy,308353023,False,1,12,0.08333333333333333,29,0.4933168888092041
euler_30,2,sa,1822026030,False,0,12,0.0,5000,0.26740193367004395
euler_30,2,sa,1441419399,False,0,12,0.0,5000,0.27402615547180176
euler_30,2,sa,961473881,False,0,12,0.0,5000,0.26705098152160645
euler_30,3,greedy,1230529584,False,0,8,0.0,18,0.2966041564941406
euler_30,3,greedy,849922953,False,0,8,0.0,20,0.3435530662536621
euler_30,3,greedy,369977435,False,0,8,0.0,21,0.36298704147338867
euler_30,3,sa,1982989329,False,0,8,0.0,5000,0.2746610641479492
euler_30,3,sa,1503043811,False,0,8,0.0,5000,0.26328396797180176
euler_30,3,sa,1122437180,False,0,8,0.0,5000,0.2667858600616455
euler_30,5,greedy,945073330,False,0,5,0.0,16,0.2599351406097412
euler_30,5,greedy,465127812,False,0,5,0.0,21,0.33020520210266113
euler_30,5,greedy,84521181,False,0,5,0.0,16,0.25623512268066406
euler_30,5,sa,256031390,False,0,5,0.0,5000,0.2511422634124756
euler_30,5,sa,2022908407,False,0,5,0.0,5000,0.249284029006958
euler_30,5,sa,1642301776,False,0,5,0.0,5000,0.25255703926086426
euler_30,7,greedy,1686419740,False,0,4,0.0,18,0.2721250057220459
euler_30,7,greedy,1206474222,False,0,4,0.0,18,0.29256391525268555
euler_30,7,greedy,825867591,False,0,4,0.0,20,0.30893898010253906
euler_30,7,sa,192056950,False,0,4,0.0,5000,0.25730371475219727
euler_30,7,sa,1958933967,False,0,4,0.0,5000,0.2539997100830078
euler_30,7,sa,1478988449,False,0,4,0.0,5000,0.25156307220458984
euler_30,11,greedy,2042971009,False,0,4,0.0,17,0.2688791751861572
euler_30,11,greedy,1662364378,False,0,4,0.0,13,0.20095372200012207
euler_30,11,greedy,1182418860,False,0,4,0.0,12,0.20107483863830566
euler_30,11,sa,647947106,False,0,4,0.0,5000,0.25694894790649414
euler_30,11,sa,168001588,False,0,4,0.0,5000,0.25279808044433594
euler_30,11,sa,1934878605,False,0,4,0.0,5000,0.2503950595855713
euler_31,2,greedy,575810658,False,0,12,0.0,29,0.4851398468017578
euler_31,2,greedy,195204027,False,2,12,0.16666666666666666,34,0.6177868843078613
euler_31,2,greedy,1862742157,False,0,12,0.0,33,0.6063899993896484
euler_31,2,sa,2081870379,False,0,12,0.0,5000,0.27492690086364746
euler_31,2,sa,1701263748,False,0,12,0.0,5000,0.2766451835632324
euler_31,2,sa,1320657117,False,0,12,0.0,5000,0.27419233322143555
euler_31,3,greedy,2078936755,False,0,8,0.0,16,0.27007532119750977
euler_31,3,greedy,1598991237,False,0,8,0.0,18,0.2999839782714844
euler_31,3,greedy,1218384606,False,0,8,0.0,17,0.27507615089416504
euler_31,3,sa,1437512828,False,0,8,0.0,5000,0.26773905754089355
euler_31,3,sa,957567310,False,0,8,0.0,5000,0.25748205184936523
euler_31,3,sa,576960679,False,0,8,0.0,5000,0.26581406593322754
euler_31,5,greedy,1915623428,False,0,5,0.0,12,0.19421076774597168
euler_31,5,greedy,1535016797,False,0,5,0.0,13,0.21600103378295898
euler_31,5,greedy,1154410166,False,0,5,0.0,23,0.37694501876831055
euler_31,5,sa,1373538388,False,0,5,0.0,5000,0.2521800994873047
euler_31,5,sa,893592870,False,0,5,0.0,5000,0.253115177154541
euler_31,5,sa,512986239,False,0,5,0.0,5000,0.2569737434387207
euler_31,7,greedy,288004376,False,0,4,0.0,14,0.2280871868133545
euler_31,7,greedy,2054881393,False,0,4,0.0,17,0.27640604972839355
euler_31,7,greedy,1574935875,False,0,4,0.0,17,0.2738020420074463
euler_31,7,sa,1794064097,False,0,4,0.0,5000,0.25922679901123047
euler_31,7,sa,1413457466,False,0,4,0.0,5000,0.2529330253601074
euler_31,7,sa,1032850835,False,0,4,0.0,5000,0.2505981922149658
euler_31,11,greedy,225135833,False,0,4,0.0,17,0.2590138912200928
euler_31,11,greedy,1992012850,False,0,4,0.0,16,0.25164103507995605
euler_31,11,greedy,1512067332,False,0,4,0.0,23,0.35799407958984375
euler_31,11,sa,977595578,False,0,4,0.0,5000,0.2634758949279785
euler_31,11,sa,497650060,False,0,4,0.0,5000,0.25643014907836914
euler_31,11,sa,117043429,False,0,4,0.0,5000,0.2592141628265381
euler_32,2,greedy,394211422,False,1,12,0.08333333333333333,35,0.5909328460693359
euler_32,2,greedy,2061749552,False,0,12,0.0,23,0.3884420394897461
euler_32,2,greedy,1681142921,False,0,12,0.0,33,0.5872857570648193
euler_32,2,sa,1047332280,False,0,12,0.0,5000,0.2632560729980469
euler_32,2,sa,666725649,False,0,12,0.0,5000,0.2744159698486328
euler_32,2,sa,186780131,False,0,12,0.0,5000,0.2669408321380615
euler_32,3,greedy,234354020,False,0,8,0.0,26,0.4202561378479004
euler_32,3,greedy,2001231037,False,0,8,0.0,18,0.30941104888916016
euler_32,3,greedy,1521285519,False,0,8,0.0,12,0.20353198051452637
euler_32,3,sa,986813765,False,0,8,0.0,5000,0.27809596061706543
euler_32,3,sa,506868247,False,0,8,0.0,5000,0.2766571044921875
euler_32,3,sa,126261616,False,0,8,0.0,5000,0.2703568935394287
euler_32,5,greedy,170379580,False,0,5,0.0,18,0.27287769317626953
euler_32,5,greedy,1837917710,False,0,5,0.0,14,0.21314382553100586
euler_32,5,greedy,1457311079,False,0,5,0.0,15,0.24267196655273438
euler_32,5,sa,823500438,False,0,5,0.0,5000,0.2625148296356201
euler_32,5,sa,442893807,False,0,5,0.0,5000,0.27542996406555176
euler_32,5,sa,62287176,False,0,5,0.0,5000,0.2663888931274414
euler_32,7,greedy,690244176,False,0,4,0.0,14,0.21639013290405273
euler_32,7,greedy,210298658,False,0,4,0.0,26,0.41520190238952637
euler_32,7,greedy,1977175675,False,0,4,0.0,13,0.20154595375061035
euler_32,7,sa,1343365034,False,0,4,0.0,5000,0.26540493965148926
euler_32,7,sa,962758403,False,0,4,0.0,5000,0.2547142505645752
euler_32,7,sa,482812885,False,0,4,0.0,5000,0.2560110092163086
euler_32,11,greedy,43536597,False,0,4,0.0,13,0.19782710075378418
euler_32,11,greedy,1711074727,False,0,4,0.0,16,0.24297404289245605
euler_32,11,greedy,1330468096,False,0,4,0.0,12,0.1800060272216797
euler_32,11,sa,696657455,False,0,4,0.0,5000,0.25070810317993164
euler_32,11,sa,316050824,False,0,4,0.0,5000,0.2617979049682617
euler_32,11,sa,1983588954,False,0,4,0.0,5000,0.26456713676452637
euler_33,2,greedy,1274920679,False,0,12,0.0,33,0.4954979419708252
euler_33,2,greedy,794975161,False,0,12,0.0,31,0.463947057723999
euler_33,2,greedy,414368530,False,0,12,0.0,27,0.40700483322143555
euler_33,2,sa,633496752,False,0,12,0.0,5000,0.2784302234649658
euler_33,2,sa,252890121,False,0,12,0.0,5000,0.2748279571533203
euler_33,2,sa,1920428251,False,0,12,0.0,5000,0.2719409465789795
euler_33,3,greedy,560759005,False,0,8,0.0,16,0.22599101066589355
euler_33,3,greedy,80813487,False,0,8,0.0,22,0.3142681121826172
euler_33,3,greedy,1847690504,False,0,8,0.0,15,0.21543312072753906
euler_33,3,sa,1213879863,False,0,8,0.0,5000,0.26622891426086426
euler_33,3,sa,833273232,False,0,8,0.0,5000,0.26589274406433105
euler_33,3,sa,452666601,False,0,8,0.0,5000,0.25779032707214355
euler_33,5,greedy,1080623601,False,1,5,0.2,22,0.3243129253387451
euler_33,5,greedy,600678083,False,1,5,0.2,16,0.22792720794677734
euler_33,5,greedy,220071452,False,1,5,0.2,19,0.26526403427124023
euler_33,5,sa,1733744459,False,0,5,0.0,5000,0.2517671585083008
euler_33,5,sa,1353137828,False,0,5,0.0,5000,0.258882999420166
euler_33,5,sa,873192310,False,0,5,0.0,5000,0.2613198757171631
euler_33,7,greedy,917310274,False,0,4,0.0,21,0.29454708099365234
euler_33,7,greedy,536703643,False,0,4,0.0,19,0.2727780342102051
euler_33,7,greedy,156097012,False,0,4,0.0,24,0.3233609199523926
euler_33,7,sa,1669770019,False,0,4,0.0,5000,0.25210094451904297
euler_33,7,sa,1289163388,False,0,4,0.0,5000,0.24809694290161133
euler_33,7,sa,809217870,False,0,4,0.0,5000,0.25176405906677246
euler_33,11,greedy,1343665666,False,0,4,0.0,15,0.20469880104064941
euler_33,11,greedy,963059035,False,0,4,0.0,11,0.14917397499084473
euler_33,11,greedy,483113517,False,0,4,0.0,12,0.15588879585266113
euler_33,11,sa,801580626,False,0,4,0.0,5000,0.24913406372070312
euler_33,11,sa,321635108,False,0,4,0.0,5000,0.24688291549682617
euler_33,11,sa,2088512125,False,0,4,0.0,5000,0.24472403526306152
euler_34,2,greedy,1374741095,False,0,12,0.0,32,0.5007591247558594
euler_34,2,greedy,994134464,False,0,12,0.0,24,0.3820180892944336
euler_34,2,greedy,613527833,False,0,12,0.0,27,0.42969775199890137
euler_34,2,sa,832656055,False,0,12,0.0,5000,0.2702038288116455
euler_34,2,sa,352710537,False,0,12,0.0,5000,0.26963186264038086
euler_34,2,sa,2119587554,False,0,12,0.0,5000,0.2713050842285156
euler_34,3,greedy,490818481,False,0,8,0.0,19,0.28047704696655273
euler_34,3,greedy,10872963,False,0,8,0.0,17,0.2517421245574951
euler_34,3,greedy,1777749980,False,0,8,0.0,20,0.2970890998840332
euler_34,3,sa,1996878202,False,0,8,0.0,5000,0.25847506523132324
euler_34,3,sa,1616271571,False,0,8,0.0,5000,0.25926709175109863
euler_34,3,sa,1136326053,False,0,8,0.0,5000,0.27298712730407715
euler_34,5,greedy,1180444017,False,0,5,0.0,16,0.22603511810302734
euler_34,5,greedy,799837386,False,0,5,0.0,15,0.2106308937072754
euler_34,5,greedy,319891868,False,0,5,0.0,21,0.3147709369659424
euler_34,5,sa,1932903762,False,0,5,0.0,5000,0.2622549533843994
euler_34,5,sa,1452958244,False,0,5,0.0,5000,0.2507741451263428
euler_34,5,sa,1072351613,False,0,5,0.0,5000,0.2505452632904053
euler_34,7,greedy,1670773849,False,0,4,0.0,16,0.23039507865905762
euler_34,7,greedy,1290167218,False,0,4,0.0,18,0.24790596961975098
euler_34,7,greedy,909560587,False,0,4,0.0,15,0.21551990509033203
euler_34,7,sa,1128688809,False,0,4,0.0,5000,0.2709939479827881
euler_34,7,sa,648743291,False,0,4,0.0,5000,0.2605128288269043
euler_34,7,sa,268136660,False,0,4,0.0,5000,0.2502329349517822
euler_34,11,greedy,2126664005,False,0,4,0.0,14,0.1889479160308838
euler_34,11,greedy,1646718487,False,0,4,0.0,14,0.1923668384552002
euler_34,11,greedy,1266111856,False,0,4,0.0,13,0.17850184440612793
euler_34,11,sa,1485240078,False,0,4,0.0,5000,0.24815773963928223
euler_34,11,sa,1104633447,False,0,4,0.0,5000,0.24678325653076172
euler_34,11,sa,624687929,False,0,4,0.0,5000,0.264923095703125
euler_35,2,greedy,1887083758,False,0,12,0.0,26,0.4293351173400879
euler_35,2,greedy,1506477127,False,0,12,0.0,28,0.45165300369262695
euler_35,2,greedy,1026531609,False,0,12,0.0,27,0.4214746952056885
euler_35,2,sa,1344998718,False,0,12,0.0,5000,0.2715909481048584
euler_35,2,sa,865053200,False,0,12,0.0,5000,0.27898335456848145
euler_35,2,sa,484446569,False,0,12,0.0,5000,0.28148722648620605
euler_35,3,greedy,2048047057,False,0,8,0.0,17,0.26769399642944336
euler_35,3,greedy,1667440426,False,0,8,0.0,18,0.2723968029022217
euler_35,3,greedy,1187494908,False,0,8,0.0,21,0.3305380344390869
euler_35,3,sa,1406623130,False,0,8,0.0,5000,0.26750683784484863
euler_35,3,sa,1026016499,False,0,8,0.0,5000,0.2604711055755615
euler_35,3,sa,546070981,False,0,8,0.0,5000,0.28246307373046875
euler_35,5,greedy,1984072617,False,0,5,0.0,18,0.2719547748565674
euler_35,5,greedy,1504127099,False,0,5,0.0,17,0.24417686462402344
euler_35,5,greedy,1123520468,False,0,5,0.0,16,0.23001909255981445
euler_35,5,sa,1342648690,False,0,5,0.0,5000,0.25852370262145996
euler_35,5,sa,962042059,False,0,5,0.0,5000,0.2532169818878174
euler_35,5,sa,482096541,False,0,5,0.0,5000,0.2558460235595703
euler_35,7,greedy,356453565,False,0,4,0.0,15,0.22434401512145996
euler_35,7,greedy,2023991695,False,0,4,0.0,21,0.3069620132446289
euler_35,7,greedy,1643385064,False,0,4,0.0,13,0.19066333770751953
euler_35,7,sa,1862513286,False,0,4,0.0,5000,0.24914312362670898
euler_35,7,sa,1382567768,False,0,4,0.0,5000,0.2558269500732422
euler_35,7,sa,1001961137,False,0,4,0.0,5000,0.255709171295166
euler_35,11,greedy,2055167632,False,0,4,0.0,16,0.22306203842163086
euler_35,11,greedy,1575222114,False,0,4,0.0,17,0.23810791969299316
euler_35,11,greedy,1194615483,False,0,4,0.0,10,0.14109182357788086
euler_35,11,sa,71580907,False,0,4,0.0,5000,0.2521390914916992
euler_35,11,sa,1838457924,False,0,4,0.0,5000,0.2560091018676758
euler_35,11,sa,1457851293,False,0,4,0.0,5000,0.24898576736450195
euler_36,2,greedy,2137187018,False,0,12,0.0,32,0.49521303176879883
euler_36,2,greedy,1756580387,False,1,12,0.08333333333333333,28,0.437593936920166
euler_36,2,greedy,1276634869,False,0,12,0.0,28,0.43302392959594727
euler_36,2,sa,742163115,False,0,12,0.0,5000,0.27114391326904297
euler_36,2,sa,262217597,False,0,12,0.0,5000,0.2741830348968506
euler_36,2,sa,2029094614,False,0,12,0.0,5000,0.2670769691467285
euler_36,3,greedy,348604667,False,1,8,0.125,20,0.2844119071960449
euler_36,3,greedy,2115481684,False,0,8,0.0,20,0.29793596267700195
euler_36,3,greedy,1635536166,False,0,8,0.0,16,0.2286367416381836
euler_36,3,sa,1101064412,False,0,8,0.0,5000,0.2625560760498047
euler_36,3,sa,621118894,False,0,8,0.0,5000,0.2684040069580078
euler_36,3,sa,240512263,False,0,8,0.0,5000,0.26112890243530273
euler_36,5,greedy,284630227,False,1,5,0.2,19,0.26871514320373535
euler_36,5,greedy,2051507244,False,0,5,0.0,20,0.2712259292602539
euler_36,5,greedy,1571561726,False,0,5,0.0,12,0.16856670379638672
euler_36,5,sa,1037089972,False,0,5,0.0,5000,0.2627120018005371
euler_36,5,sa,557144454,False,0,5,0.0,5000,0.25597190856933594
euler_36,5,sa,176537823,False,0,5,0.0,5000,0.25205397605895996
euler_36,7,greedy,1580280909,False,0,4,0.0,15,0.20253205299377441
euler_36,7,greedy,1199674278,False,0,4,0.0,18,0.2502248287200928
euler_36,7,greedy,819067647,False,0,4,0.0,21,0.2914459705352783
euler_36,7,sa,1038195869,False,0,4,0.0,5000,0.2510948181152344
euler_36,7,sa,558250351,False,0,4,0.0,5000,0.25383496284484863
euler_36,7,sa,177643720,False,0,4,0.0,5000,0.2586066722869873
euler_36,11,greedy,2036171065,False,0,4,0.0,18,0.24077677726745605
euler_36,11,greedy,1655564434,False,0,4,0.0,15,0.20222115516662598
euler_36,11,greedy,1175618916,False,0,4,0.0,14,0.186384916305542
euler_36,11,sa,1394747138,False,0,4,0.0,5000,0.2495708465576172
euler_36,11,sa,1014140507,False,0,4,0.0,5000,0.2528960704803467
euler_36,11,sa,534194989,False,0,4,0.0,5000,0.24613213539123535
euler_37,2,greedy,657014077,False,0,12,0.0,36,0.5531740188598633
euler_37,2,greedy,276407446,False,2,12,0.16666666666666666,36,0.5500259399414062
euler_37,2,greedy,1943945576,False,2,12,0.16666666666666666,31,0.4708750247955322
euler_37,2,sa,1409473822,False,0,12,0.0,5000,0.27448415756225586
euler_37,2,sa,929528304,False,0,12,0.0,5000,0.26719117164611816
euler_37,2,sa,548921673,False,0,12,0.0,5000,0.27654504776000977
euler_37,3,greedy,1237397188,False,0,8,0.0,24,0.34073972702026367
euler_37,3,greedy,856790557,False,0,8,0.0,18,0.2557499408721924
euler_37,3,greedy,476183926,False,0,8,0.0,23,0.323322057723999
euler_37,3,sa,695312148,False,0,8,0.0,5000,0.25791001319885254
euler_37,3,sa,215366630,False,0,8,0.0,5000,0.2720048427581787
euler_37,3,sa,1982243647,False,0,8,0.0,5000,0.2692909240722656
euler_37,5,greedy,433182235,False,0,5,0.0,21,0.2967512607574463
euler_37,5,greedy,52575604,False,0,5,0.0,14,0.19455528259277344
euler_37,5,greedy,1720113734,False,0,5,0.0,16,0.22992897033691406
euler_37,5,sa,1185641980,False,0,5,0.0,5000,0.25596094131469727
euler_37,5,sa,705696462,False,0,5,0.0,5000,0.25194406509399414
euler_37,5,sa,325089831,False,0,5,0.0,5000,0.25548887252807617
euler_37,7,greedy,369207795,False,0,4,0.0,17,0.23758316040039062
euler_37,7,greedy,2136084812,False,0,4,0.0,14,0.18750691413879395
euler_37,7,greedy,1656139294,False,0,4,0.0,21,0.2902059555053711
euler_37,7,sa,1926988390,False,0,4,0.0,5000,0.2492847442626953
euler_37,7,sa,1546381759,False,0,4,0.0,5000,0.2513699531555176
euler_37,7,sa,1066436241,False,0,4,0.0,5000,0.24968886375427246
euler_37,11,greedy,825097951,False,0,4,0.0,14,0.18616318702697754
euler_37,11,greedy,345152433,False,0,4,0.0,17,0.23945879936218262
euler_37,11,greedy,2112029450,False,0,4,0.0,10,0.13421893119812012
euler_37,11,sa,1478218809,False,0,4,0.0,5000,0.25316405296325684
euler_37,11,sa,1097612178,False,0,4,0.0,5000,0.26117587089538574
euler_37,11,sa,617666660,False,0,4,0.0,5000,0.2706902027130127
euler_38,2,greedy,1521426573,False,0,12,0.0,28,0.4747929573059082
euler_38,2,greedy,1041481055,False,0,12,0.0,20,0.32962989807128906
euler_38,2,greedy,660874424,False,1,12,0.08333333333333333,34,0.5489940643310547
euler_38,2,sa,27063783,False,0,12,0.0,5000,0.27431297302246094
euler_38,2,sa,1793940800,False,0,12,0.0,5000,0.2711353302001953
euler_38,2,sa,1313995282,False,0,12,0.0,5000,0.26630210876464844
euler_38,3,greedy,829451009,False,0,8,0.0,19,0.2939939498901367
euler_38,3,greedy,349505491,False,0,8,0.0,20,0.3050081729888916
euler_38,3,greedy,2116382508,False,0,8,0.0,20,0.30762505531311035
euler_38,3,sa,188027082,False,0,8,0.0,5000,0.2632157802581787
euler_38,3,sa,1954904099,False,0,8,0.0,5000,0.26033782958984375
euler_38,3,sa,1474958581,False,0,8,0.0,5000,0.26122307777404785
euler_38,5,greedy,1249976718,False,0,5,0.0,23,0.3336668014526367
euler_38,5,greedy,869370087,False,0,5,0.0,16,0.23190093040466309
euler_38,5,greedy,488763456,False,0,5,0.0,28,0.40288305282592773
euler_38,5,sa,707891678,False,0,5,0.0,5000,0.26145267486572266
euler_38,5,sa,227946160,False,0,5,0.0,5000,0.2553260326385498
euler_38,5,sa,1994823177,False,0,5,0.0,5000,0.25119996070861816
euler_38,7,greedy,2038941141,False,0,4,0.0,19,0.2710700035095215
euler_38,7,greedy,1658334510,False,0,4,0.0,15,0.21407485008239746
euler_38,7,greedy,1178388992,False,0,4,0.0,24,0.34366393089294434
euler_38,7,sa,643917238,False,0,4,0.0,5000,0.2535419464111328
euler_38,7,sa,163971720,False,0,4,0.0,5000,0.25672388076782227
euler_38,7,sa,1930848737,False,0,4,0.0,5000,0.2545499801635742
euler_38,11,greedy,317812885,False,0,4,0.0,11,0.154893159866333
euler_38,11,greedy,2084689902,False,0,4,0.0,16,0.22254109382629395
euler_38,11,greedy,1604744384,False,0,4,0.0,11,0.15047240257263184
euler_38,11,sa,1823872606,False,0,4,0.0,5000,0.24811601638793945
euler_38,11,sa,1443265975,False,0,4,0.0,5000,0.25127601623535156
euler_38,11,sa,963320457,False,0,4,0.0,5000,0.2519090175628662
euler_39,2,greedy,885080762,False,0,12,0.0,25,0.3924832344055176
euler_39,2,greedy,405135244,False,1,12,0.08333333333333333,32,0.5051178932189941
euler_39,2,greedy,24528613,False,0,12,0.0,25,0.39135265350341797
euler_39,2,sa,243656835,False,0,12,0.0,5000,0.27260589599609375
euler_39,2,sa,1911194965,False,0,12,0.0,5000,0.2739839553833008
euler_39,2,sa,1530588334,False,0,12,0.0,5000,0.26595091819763184
euler_39,3,greedy,141384324,False,0,8,0.0,19,0.28481602668762207
euler_39,3,greedy,1908261341,False,0,8,0.0,17,0.25781702995300293
euler_39,3,greedy,1428315823,False,1,8,0.125,19,0.2847280502319336
euler_39,3,sa,1647444045,False,0,8,0.0,5000,0.26213669776916504
euler_39,3,sa,1266837414,False,0,8,0.0,5000,0.26752591133117676
euler_39,3,sa,886230783,False,0,8,0.0,5000,0.26590776443481445
euler_39,5,greedy,661248920,False,0,5,0.0,17,0.24183201789855957
euler_39,5,greedy,181303402,False,0,5,0.0,20,0.290388822555542
euler_39,5,greedy,1948180419,False,0,5,0.0,16,0.232651948928833
euler_39,5,sa,19824993,False,0,5,0.0,5000,0.255007266998291
euler_39,5,sa,1786702010,False,0,5,0.0,5000,0.26489758491516113
euler_39,5,sa,1306756492,False,0,5,0.0,5000,0.28226780891418457
euler_39,7,greedy,597274480,False,0,4,0.0,21,0.3287680149078369
euler_39,7,greedy,117328962,False,0,4,0.0,17,0.2700159549713135
euler_39,7,greedy,1884205979,False,0,4,0.0,21,0.3213801383972168
euler_39,7,sa,2103334201,False,0,4,0.0,5000,0.3451273441314697
euler_39,7,sa,1623388683,False,0,4,0.0,5000,0.3482530117034912
euler_39,7,sa,1242782052,False,0,4,0.0,5000,0.27005910873413086
euler_39,11,greedy,953825749,False,0,4,0.0,19,0.295529842376709
euler_39,11,greedy,573219118,False,0,4,0.0,15,0.21671438217163086
euler_39,11,greedy,93273600,False,0,4,0.0,10,0.1472010612487793
euler_39,11,sa,312401822,False,0,4,0.0,5000,0.2506873607635498
euler_39,11,sa,2079278839,False,0,4,0.0,5000,0.2729337215423584
euler_39,11,sa,1698672208,False,0,4,0.0,5000,0.24896526336669922
euler_40,2,greedy,492693040,False,0,12,0.0,23,0.348081111907959
euler_40,2,greedy,112086409,False,1,12,0.08333333333333333,28,0.4501838684082031
euler_40,2,greedy,1878963426,False,1,12,0.08333333333333333,33,0.5185420513153076
euler_40,2,sa,1245152785,False,0,12,0.0,5000,0.26569080352783203
euler_40,2,sa,864546154,False,0,12,0.0,5000,0.27494120597839355
euler_40,2,sa,384600636,False,0,12,0.0,5000,0.2720777988433838
euler_40,3,greedy,1172415038,False,0,8,0.0,19,0.2939760684967041
euler_40,3,greedy,692469520,False,0,8,0.0,18,0.2590157985687256
euler_40,3,greedy,311862889,False,0,8,0.0,22,0.3157930374145508
euler_40,3,sa,1825535896,False,0,8,0.0,5000,0.2596442699432373
euler_40,3,sa,1444929265,False,0,8,0.0,5000,0.2580289840698242
euler_40,3,sa,1064322634,False,0,8,0.0,5000,0.2612130641937256
euler_40,5,greedy,1692279634,False,0,5,0.0,19,0.2710380554199219
euler_40,5,greedy,1212334116,False,0,5,0.0,11,0.16110897064208984
euler_40,5,greedy,831727485,False,0,5,0.0,14,0.20120000839233398
euler_40,5,sa,197916844,False,0,5,0.0,5000,0.2602050304412842
euler_40,5,sa,1964793861,False,0,5,0.0,5000,0.260577917098999
euler_40,5,sa,1484848343,False,0,5,0.0,5000,0.25855517387390137
euler_40,7,greedy,1528966307,False,0,4,0.0,20,0.286592960357666
euler_40,7,greedy,1148359676,False,0,4,0.0,17,0.23432588577270508
euler_40,7,greedy,767753045,False,0,4,0.0,20,0.2812962532043457
euler_40,7,sa,986881267,False,0,4,0.0,5000,0.2792220115661621
euler_40,7,sa,506935749,False,0,4,0.0,5000,0.25580286979675293
euler_40,7,sa,126329118,False,0,4,0.0,5000,0.25977277755737305
euler_40,11,greedy,660776914,False,0,4,0.0,18,0.2536580562591553
euler_40,11,greedy,280170283,False,0,4,0.0,13,0.17788195610046387
euler_40,11,greedy,1947708413,False,0,4,0.0,15,0.20917582511901855
euler_40,11,sa,1413236659,False,0,4,0.0,5000,0.24546170234680176
euler_40,11,sa,933291141,False,0,4,0.0,5000,0.25563788414001465
euler_40,11,sa,552684510,False,0,4,0.0,5000,0.27213478088378906
euler_41,2,greedy,457373939,False,1,12,0.08333333333333333,29,0.4959890842437744
euler_41,2,greedy,76767308,False,0,12,0.0,29,0.5089731216430664
euler_41,2,greedy,1744305438,False,1,12,0.08333333333333333,33,0.568688154220581
euler_41,2,sa,1209833684,False,0,12,0.0,5000,0.27108192443847656
euler_41,2,sa,729888166,False,0,12,0.0,5000,0.2800157070159912
euler_41,2,sa,349281535,False,0,12,0.0,5000,0.26700305938720703
euler_41,3,greedy,1037757050,False,0,8,0.0,23,0.3729372024536133
euler_41,3,greedy,657150419,False,0,8,0.0,21,0.3380610942840576
euler_41,3,greedy,276543788,False,0,8,0.0,18,0.28808021545410156
euler_41,3,sa,495672010,False,0,8,0.0,5000,0.2712528705596924
euler_41,3,sa,15726492,False,0,8,0.0,5000,0.26405787467956543
euler_41,3,sa,1782603509,False,0,8,0.0,5000,0.25982093811035156
euler_41,5,greedy,973782610,False,0,5,0.0,20,0.3189682960510254
euler_41,5,greedy,593175979,False,0,5,0.0,12,0.19118404388427734
euler_41,5,greedy,113230461,False,0,5,0.0,15,0.23353099822998047
euler_41,5,sa,431697570,False,0,5,0.0,5000,0.25124216079711914
euler_41,5,sa,2099235700,False,0,5,0.0,5000,0.2656848430633545
euler_41,5,sa,1718629069,False,0,5,0.0,5000,0.25020909309387207
euler_41,7,greedy,1493647206,False,0,4,0.0,16,0.25341320037841797
euler_41,7,greedy,1113040575,False,0,4,0.0,17,0.26110219955444336
euler_41,7,greedy,633095057,False,0,4,0.0,23,0.349902868270874
euler_41,7,sa,852223279,False,0,4,0.0,5000,0.25459814071655273
euler_41,7,sa,471616648,False,0,4,0.0,5000,0.2586491107940674
euler_41,7,sa,2139154778,False,0,4,0.0,5000,0.26432299613952637
euler_41,11,greedy,625457813,False,0,4,0.0,10,0.14850878715515137
euler_41,11,greedy,145512295,False,0,4,0.0,11,0.16406607627868652
euler_41,11,greedy,1912389312,False,0,4,0.0,16,0.24063825607299805
euler_41,11,sa,1278578671,False,0,4,0.0,5000,0.26103711128234863
euler_41,11,sa,897972040,False,0,4,0.0,5000,0.2539520263671875
euler_41,11,sa,418026522,False,0,4,0.0,5000,0.25298571586608887
euler_42,2,greedy,630267758,False,2,12,0.16666666666666666,39,0.6958901882171631
euler_42,2,greedy,150322240,False,0,12,0.0,25,0.42400097846984863
euler_42,2,greedy,1917199257,False,0,12,0.0,34,0.5957119464874268
euler_42,2,sa,1283388616,False,0,12,0.0,5000,0.27826499938964844
euler_42,2,sa,902781985,False,0,12,0.0,5000,0.2776949405670166
euler_42,2,sa,422836467,False,0,12,0.0,5000,0.26322007179260254
euler_42,3,greedy,2034054968,False,0,8,0.0,17,0.26956892013549805
euler_42,3,greedy,1653448337,False,0,8,0.0,19,0.3134458065032959
euler_42,3,greedy,1173502819,False,0,8,0.0,18,0.2940640449523926
euler_42,3,sa,639031065,False,0,8,0.0,5000,0.2642240524291992
euler_42,3,sa,159085547,False,0,8,0.0,5000,0.2542378902435303
euler_42,3,sa,1925962564,False,0,8,0.0,5000,0.25994396209716797
euler_42,5,greedy,1970080528,False,0,5,0.0,19,0.3087029457092285
euler_42,5,greedy,1589473897,False,0,5,0.0,13,0.19905304908752441
euler_42,5,greedy,1109528379,False,0,5,0.0,17,0.2728879451751709
euler_42,5,sa,1380377475,False,0,5,0.0,5000,0.25861406326293945
euler_42,5,sa,900431957,False,0,5,0.0,5000,0.2564411163330078
euler_42,5,sa,519825326,False,0,5,0.0,5000,0.26234006881713867
euler_42,7,greedy,342461476,False,0,4,0.0,21,0.33449792861938477
euler_42,7,greedy,2009999606,False,0,4,0.0,16,0.24168014526367188
euler_42,7,greedy,1629392975,False,0,4,0.0,16,0.2549149990081787
euler_42,7,sa,995582334,False,0,4,0.0,5000,0.2500932216644287
euler_42,7,sa,614975703,False,0,4,0.0,5000,0.2559340000152588
euler_42,7,sa,135030185,False,0,4,0.0,5000,0.2518010139465332
euler_42,11,greedy,699012745,False,0,4,0.0,16,0.2401871681213379
euler_42,11,greedy,318406114,False,0,4,0.0,12,0.18685007095336914
euler_42,11,greedy,1985944244,False,0,4,0.0,12,0.18487811088562012
euler_42,11,sa,1451472490,False,0,4,0.0,5000,0.24985814094543457
euler_42,11,sa,971526972,False,0,4,0.0,5000,0.24978208541870117
euler_42,11,sa,590920341,False,0,4,0.0,5000,0.2553408145904541
euler_43,2,greedy,1654270755,False,0,12,0.0,29,0.4968709945678711
euler_43,2,greedy,1273664124,False,0,12,0.0,29,0.522575855255127
euler_43,2,greedy,793718606,False,1,12,0.08333333333333333,31,0.5427520275115967
euler_43,2,sa,1917506565,False,0,12,0.0,5000,0.2727639675140381
euler_43,2,sa,1437561047,False,0,12,0.0,5000,0.2681279182434082
euler_43,2,sa,1056954416,False,0,12,0.0,5000,0.2761070728302002
euler_43,3,greedy,671009254,False,0,8,0.0,15,0.24295401573181152
euler_43,3,greedy,290402623,False,0,8,0.0,24,0.39299798011779785
euler_43,3,greedy,1957940753,False,0,8,0.0,24,0.38971805572509766
euler_43,3,sa,128924214,False,0,8,0.0,5000,0.25900793075561523
euler_43,3,sa,1796462344,False,0,8,0.0,5000,0.25992393493652344
euler_43,3,sa,1415855713,False,0,8,0.0,5000,0.2611830234527588
euler_43,5,greedy,607034814,False,0,5,0.0,15,0.2305147647857666
euler_43,5,greedy,226428183,False,0,5,0.0,11,0.17746806144714355
euler_43,5,greedy,1893966313,False,0,5,0.0,19,0.3026151657104492
euler_43,5,sa,2113094535,False,0,5,0.0,5000,0.2549910545349121
euler_43,5,sa,1732487904,False,0,5,0.0,5000,0.2553420066833496
euler_43,5,sa,1351881273,False,0,5,0.0,5000,0.25446414947509766
euler_43,7,greedy,1950303509,False,0,4,0.0,14,0.22555971145629883
euler_43,7,greedy,1569696878,False,0,4,0.0,20,0.30229616165161133
euler_43,7,greedy,1089751360,False,0,4,0.0,15,0.23197722434997559
euler_43,7,sa,66055671,False,0,4,0.0,5000,0.25899791717529297
euler_43,7,sa,1733593801,False,0,4,0.0,5000,0.255908727645874
euler_43,7,sa,1352987170,False,0,4,0.0,5000,0.25974178314208984
euler_43,11,greedy,480191831,False,0,4,0.0,15,0.22447896003723145
euler_43,11,greedy,246313,False,0,4,0.0,18,0.2704811096191406
euler_43,11,greedy,1767123330,False,0,4,0.0,13,0.19465398788452148
euler_43,11,sa,1986251552,False,0,4,0.0,5000,0.2506721019744873
euler_43,11,sa,1605644921,False,0,4,0.0,5000,0.26102781295776367
euler_43,11,sa,1125699403,False,0,4,0.0,5000,0.25371813774108887
euler_44,2,greedy,561503096,False,0,12,0.0,27,0.47661519050598145
euler_44,2,greedy,81557578,False,3,12,0.25,35,0.6220700740814209
euler_44,2,greedy,1848434595,False,0,12,0.0,36,0.6370141506195068
euler_44,2,sa,2067562817,False,0,12,0.0,5000,0.274090051651001
euler_44,2,sa,1587617299,False,0,12,0.0,5000,0.26987791061401367
euler_44,2,sa,1207010668,False,0,12,0.0,5000,0.26665496826171875
euler_44,3,greedy,1994825070,False,0,8,0.0,18,0.3006398677825928
euler_44,3,greedy,1514879552,False,0,8,0.0,18,0.30063796043395996
euler_44,3,greedy,1134272921,False,0,8,0.0,23,0.38016414642333984
euler_44,3,sa,500462280,False,0,8,0.0,5000,0.2674288749694824
euler_44,3,sa,119855649,False,0,8,0.0,5000,0.25874996185302734
euler_44,3,sa,1787393779,False,0,8,0.0,5000,0.2562539577484131
euler_44,5,greedy,267867131,False,1,5,0.2,19,0.32128214836120605
euler_44,5,greedy,2034744148,False,0,5,0.0,19,0.3192567825317383
euler_44,5,greedy,1654137517,False,0,5,0.0,19,0.31114697456359863
euler_44,5,sa,1020326876,False,0,5,0.0,5000,0.253154993057251
euler_44,5,sa,639720245,False,0,5,0.0,5000,0.25608396530151367
euler_44,5,sa,159774727,False,0,5,0.0,5000,0.25341296195983887
euler_44,7,greedy,1027296790,False,0,4,0.0,19,0.2952730655670166
euler_44,7,greedy,646690159,False,0,4,0.0,16,0.2472069263458252
euler_44,7,greedy,166744641,False,0,4,0.0,16,0.25426816940307617
euler_44,7,sa,437593737,False,0,4,0.0,5000,0.25415492057800293
euler_44,7,sa,56987106,False,0,4,0.0,5000,0.2521340847015381
euler_44,7,sa,1724525236,False,0,4,0.0,5000,0.2547459602355957
euler_44,11,greedy,1483186946,False,0,4,0.0,14,0.21408772468566895
euler_44,11,greedy,1003241428,False,0,4,0.0,13,0.20711708068847656
euler_44,11,greedy,622634797,False,0,4,0.0,15,0.2338559627532959
euler_44,11,sa,2136307804,False,0,4,0.0,5000,0.2470560073852539
euler_44,11,sa,1755701173,False,0,4,0.0,5000,0.24844121932983398
euler_44,11,sa,1375094542,False,0,4,0.0,5000,0.25519680976867676
euler_45,2,greedy,812936274,False,2,12,0.16666666666666666,33,0.567241907119751
euler_45,2,greedy,332990756,False,0,12,0.0,28,0.47447896003723145
euler_45,2,greedy,2099867773,False,1,12,0.08333333333333333,28,0.4720418453216553
euler_45,2,sa,171512347,False,0,12,0.0,5000,0.2716810703277588
euler_45,2,sa,1938389364,False,0,12,0.0,5000,0.2723689079284668
euler_45,2,sa,1458443846,False,0,12,0.0,5000,0.2745859622955322
euler_45,3,greedy,587998535,False,0,8,0.0,15,0.23853707313537598
euler_45,3,greedy,108053017,False,0,8,0.0,15,0.24313974380493164
euler_45,3,greedy,1874930034,False,0,8,0.0,21,0.3533351421356201
euler_45,3,sa,2094058256,False,0,8,0.0,5000,0.2717759609222412
euler_45,3,sa,1713451625,False,0,8,0.0,5000,0.2618839740753174
euler_45,3,sa,1233506107,False,0,8,0.0,5000,0.2644033432006836
euler_45,5,greedy,1107863131,False,0,5,0.0,20,0.3090989589691162
euler_45,5,greedy,627917613,False,0,5,0.0,17,0.25995492935180664
euler_45,5,greedy,247310982,False,0,5,0.0,18,0.28012990951538086
euler_45,5,sa,466439204,False,0,5,0.0,5000,0.2557399272918701
euler_45,5,sa,2133977334,False,0,5,0.0,5000,0.25448083877563477
euler_45,5,sa,1753370703,False,0,5,0.0,5000,0.25341200828552246
euler_45,7,greedy,944549804,False,0,4,0.0,12,0.18659615516662598
euler_45,7,greedy,563943173,False,0,4,0.0,14,0.21682286262512207
euler_45,7,greedy,183336542,False,0,4,0.0,15,0.22689604759216309
euler_45,7,sa,402464764,False,0,4,0.0,5000,0.25089097023010254
euler_45,7,sa,2070002894,False,0,4,0.0,5000,0.2490699291229248
euler_45,7,sa,1689396263,False,0,4,0.0,5000,0.25263309478759766
euler_45,11,greedy,881681261,False,0,4,0.0,17,0.2574191093444824
euler_45,11,greedy,501074630,False,0,4,0.0,18,0.26820802688598633
euler_45,11,greedy,21129112,False,0,4,0.0,19,0.2864837646484375
euler_45,11,sa,339596221,False,0,4,0.0,5000,0.25530505180358887
euler_45,11,sa,2007134351,False,0,4,0.0,5000,0.2512547969818115
euler_45,11,sa,1626527720,False,0,4,0.0,5000,0.24793696403503418
euler_46,2,greedy,1229686990,False,0,12,0.0,26,0.4599418640136719
euler_46,2,greedy,749741472,False,0,12,0.0,30,0.5373320579528809
euler_46,2,greedy,369134841,False,0,12,0.0,28,0.5030181407928467
euler_46,2,sa,639983937,False,0,12,0.0,5000,0.26847290992736816
euler_46,2,sa,160038419,False,0,12,0.0,5000,0.2659871578216553
euler_46,2,sa,1926915436,False,0,12,0.0,5000,0.27356886863708496
euler_46,3,greedy,1810070101,False,0,8,0.0,20,0.34628915786743164
euler_46,3,greedy,1429463470,False,0,8,0.0,21,0.34724879264831543
euler_46,3,greedy,949517952,False,0,8,0.0,19,0.31357598304748535
euler_46,3,sa,415046198,False,0,8,0.0,5000,0.260084867477417
euler_46,3,sa,2082584328,False,0,8,0.0,5000,0.2615549564361572
euler_46,3,sa,1701977697,False,0,8,0.0,5000,0.2578439712524414
euler_46,5,greedy,182451049,False,0,5,0.0,21,0.341655969619751
euler_46,5,greedy,1949328066,False,0,5,0.0,16,0.2610759735107422
euler_46,5,greedy,1469382548,False,0,5,0.0,14,0.22650599479675293
euler_46,5,sa,835571907,False,0,5,0.0,5000,0.25624608993530273
euler_46,5,sa,454965276,False,0,5,0.0,5000,0.24913692474365234
euler_46,5,sa,74358645,False,0,5,0.0,5000,0.25556182861328125
euler_46,7,greedy,1747201558,False,0,4,0.0,20,0.31884026527404785
euler_46,7,greedy,1366594927,False,0,4,0.0,25,0.3982987403869629
euler_46,7,greedy,886649409,False,0,4,0.0,20,0.3179361820220947
euler_46,7,sa,352177655,False,0,4,0.0,5000,0.2587437629699707
euler_46,7,sa,2019715785,False,0,4,0.0,5000,0.2557640075683594
euler_46,7,sa,1639109154,False,0,4,0.0,5000,0.26062917709350586
euler_46,11,greedy,55608066,False,0,4,0.0,14,0.2166459560394287
euler_46,11,greedy,1723146196,False,0,4,0.0,16,0.2653660774230957
euler_46,11,greedy,1342539565,False,0,4,0.0,14,0.21839523315429688
euler_46,11,sa,708728924,False,0,4,0.0,5000,0.2487649917602539
euler_46,11,sa,328122293,False,0,4,0.0,5000,0.2504749298095703
euler_46,11,sa,1995660423,False,0,4,0.0,5000,0.24477577209472656
euler_47,2,greedy,1996453304,False,1,12,0.08333333333333333,34,0.6196141242980957
euler_47,2,greedy,1615846673,False,0,12,0.0,29,0.5358929634094238
euler_47,2,greedy,1135901155,False,0,12,0.0,30,0.5359039306640625
euler_47,2,sa,1454368264,False,0,12,0.0,5000,0.27054500579833984
euler_47,2,sa,974422746,False,0,12,0.0,5000,0.26856493949890137
euler_47,2,sa,593816115,False,0,12,0.0,5000,0.2701098918914795
euler_47,3,greedy,1771515565,False,0,8,0.0,17,0.2952287197113037
euler_47,3,greedy,1390908934,False,0,8,0.0,14,0.23680400848388672
euler_47,3,greedy,1010302303,False,0,8,0.0,21,0.3535957336425781
euler_47,3,sa,2034751375,False,0,8,0.0,5000,0.25930118560791016
euler_47,3,sa,1654144744,False,0,8,0.0,5000,0.25652098655700684
euler_47,3,sa,1174199226,False,0,8,0.0,5000,0.25606298446655273
euler_47,5,greedy,143896513,False,0,5,0.0,23,0.38379883766174316
euler_47,5,greedy,1910773530,False,0,5,0.0,18,0.29203200340270996
euler_47,5,greedy,1430828012,False,1,5,0.2,20,0.32582807540893555
euler_47,5,sa,1649956234,False,0,5,0.0,5000,0.2505910396575928
euler_47,5,sa,1269349603,False,0,5,0.0,5000,0.26282382011413574
euler_47,5,sa,888742972,False,0,5,0.0,5000,0.2545957565307617
euler_47,7,greedy,1708647022,False,0,4,0.0,16,0.25632524490356445
euler_47,7,greedy,1328040391,False,0,4,0.0,20,0.32087206840515137
euler_47,7,greedy,848094873,False,0,4,0.0,18,0.2907569408416748
euler_47,7,sa,1166561982,False,0,4,0.0,5000,0.2533688545227051
euler_47,7,sa,686616464,False,0,4,0.0,5000,0.24778485298156738
euler_47,7,sa,306009833,False,0,4,0.0,5000,0.24679803848266602
euler_47,11,greedy,17053530,False,0,4,0.0,14,0.22643709182739258
euler_47,11,greedy,1684591660,False,0,4,0.0,15,0.24147915840148926
euler_47,11,greedy,1303985029,False,0,4,0.0,11,0.17876696586608887
euler_47,11,sa,1523113251,False,0,4,0.0,5000,0.25122928619384766
euler_47,11,sa,1142506620,False,0,4,0.0,5000,0.24657511711120605
euler_47,11,sa,662561102,False,0,4,0.0,5000,0.25876402854919434
euler_48,2,greedy,1498245312,False,0,12,0.0,31,0.5310280323028564
euler_48,2,greedy,1117638681,False,1,12,0.08333333333333333,33,0.5763332843780518
euler_48,2,greedy,637693163,False,0,12,0.0,27,0.47139406204223633
euler_48,2,sa,103221409,False,0,12,0.0,5000,0.27120113372802734
euler_48,2,sa,1770759539,False,0,12,0.0,5000,0.2663249969482422
euler_48,2,sa,1390152908,False,0,12,0.0,5000,0.2663402557373047
euler_48,3,greedy,2078628423,False,0,8,0.0,17,0.2733139991760254
euler_48,3,greedy,1698021792,False,0,8,0.0,19,0.3268930912017822
euler_48,3,greedy,1317415161,False,0,8,0.0,16,0.26201868057250977
euler_48,3,sa,683604520,False,0,8,0.0,5000,0.25572705268859863
euler_48,3,sa,302997889,False,0,8,0.0,5000,0.2602088451385498
euler_48,3,sa,1970536019,False,0,8,0.0,5000,0.2587451934814453
euler_48,5,greedy,451009371,False,0,5,0.0,12,0.19024920463562012
euler_48,5,greedy,70402740,False,0,5,0.0,13,0.20447707176208496
euler_48,5,greedy,1737940870,False,0,5,0.0,12,0.18511724472045898
euler_48,5,sa,1203469116,False,0,5,0.0,5000,0.2575087547302246
euler_48,5,sa,723523598,False,0,5,0.0,5000,0.25051331520080566
euler_48,5,sa,342916967,False,0,5,0.0,5000,0.25240659713745117
euler_48,7,greedy,387034931,False,0,4,0.0,16,0.24420905113220215
euler_48,7,greedy,6428300,False,0,4,0.0,17,0.2606840133666992
euler_48,7,greedy,1673966430,False,0,4,0.0,22,0.33863401412963867
euler_48,7,sa,1139494676,False,0,4,0.0,5000,0.2513411045074463
euler_48,7,sa,659549158,False,0,4,0.0,5000,0.2553379535675049
euler_48,7,sa,278942527,False,0,4,0.0,5000,0.25118589401245117
euler_48,11,greedy,1666329186,False,0,4,0.0,11,0.16722869873046875
euler_48,11,greedy,1186383668,False,0,4,0.0,13,0.20061802864074707
euler_48,11,greedy,805777037,False,0,4,0.0,14,0.21381306648254395
euler_48,11,sa,977287246,False,0,4,0.0,5000,0.26035523414611816
euler_48,11,sa,596680615,False,0,4,0.0,5000,0.24388384819030762
euler_48,11,sa,216073984,False,0,4,0.0,5000,0.25125598907470703
euler_49,2,greedy,749771336,False,0,12,0.0,25,0.4577758312225342
euler_49,2,greedy,269825818,False,0,12,0.0,28,0.5214939117431641
euler_49,2,greedy,2036702835,False,2,12,0.16666666666666666,25,0.47390198707580566
euler_49,2,sa,108347409,False,0,12,0.0,5000,0.268326997756958
euler_49,2,sa,1875224426,False,0,12,0.0,5000,0.27488183975219727
euler_49,2,sa,1395278908,False,0,12,0.0,5000,0.2683572769165039
euler_49,3,greedy,6074898,False,0,8,0.0,23,0.4034850597381592
euler_49,3,greedy,1772951915,False,0,8,0.0,20,0.34496521949768066
euler_49,3,greedy,1293006397,False,0,8,0.0,18,0.32470083236694336
euler_49,3,sa,269310708,False,0,8,0.0,5000,0.26145410537719727
euler_49,3,sa,1936848838,False,0,8,0.0,5000,0.2673008441925049
euler_49,3,sa,1556242207,False,0,8,0.0,5000,0.2588839530944824
euler_49,5,greedy,1600360171,False,0,5,0.0,23,0.38210201263427734
euler_49,5,greedy,1219753540,False,0,5,0.0,15,0.24629616737365723
euler_49,5,greedy,739808022,False,0,5,0.0,13,0.21872425079345703
euler_49,5,sa,205336268,False,0,5,0.0,5000,0.2513899803161621
euler_49,5,sa,1872874398,False,0,5,0.0,5000,0.2600870132446289
euler_49,5,sa,1492267767,False,0,5,0.0,5000,0.25957202911376953
euler_49,7,greedy,461965054,False,0,4,0.0,18,0.2891998291015625
euler_49,7,greedy,2129503184,False,0,4,0.0,19,0.31670498847961426
euler_49,7,greedy,1748896553,False,0,4,0.0,17,0.2809929847717285
euler_49,7,sa,625861977,False,0,4,0.0,5000,0.24798989295959473
euler_49,7,sa,245255346,False,0,4,0.0,5000,0.25002384185791016
euler_49,7,sa,1912793476,False,0,4,0.0,5000,0.2522609233856201
euler_49,11,greedy,399096511,False,0,4,0.0,14,0.23061609268188477
euler_49,11,greedy,2066634641,False,0,4,0.0,10,0.16313600540161133
euler_49,11,greedy,1686028010,False,0,4,0.0,18,0.2858548164367676
euler_49,11,sa,1905156232,False,0,4,0.0,5000,0.25829291343688965
euler_49,11,sa,1524549601,False,0,4,0.0,5000,0.2650001049041748
euler_49,11,sa,1044604083,False,0,4,0.0,5000,0.25127601623535156
euler_50,2,greedy,208603210,False,1,12,0.08333333333333333,34,0.6027419567108154
euler_50,2,greedy,1876141340,False,1,12,0.08333333333333333,32,0.5741088390350342
euler_50,2,greedy,1495534709,False,2,12,0.16666666666666666,31,0.5311880111694336
euler_50,2,sa,861724068,False,0,12,0.0,5000,0.26589107513427734
euler_50,2,sa,481117437,False,0,12,0.0,5000,0.2737710475921631
euler_50,2,sa,1171919,False,0,12,0.0,5000,0.2671029567718506
euler_50,3,greedy,788986321,False,0,8,0.0,16,0.2680230140686035
euler_50,3,greedy,408379690,False,0,8,0.0,18,0.293781042098999
euler_50,3,greedy,2075917820,False,0,8,0.0,21,0.3430290222167969
euler_50,3,sa,1442107179,False,0,8,0.0,5000,0.26293396949768066
euler_50,3,sa,1061500548,False,0,8,0.0,5000,0.26050591468811035
euler_50,3,sa,680893917,False,0,8,0.0,5000,0.26241111755371094
euler_50,5,greedy,1308850917,False,0,5,0.0,16,0.2496938705444336
euler_50,5,greedy,828905399,False,0,5,0.0,16,0.25226902961730957
euler_50,5,greedy,448298768,False,0,5,0.0,19,0.3003866672515869
euler_50,5,sa,1961971775,False,0,5,0.0,5000,0.25589680671691895
euler_50,5,sa,1581365144,False,0,5,0.0,5000,0.2540547847747803
euler_50,5,sa,1101419626,False,0,5,0.0,5000,0.25243592262268066
euler_50,7,greedy,2068280576,False,0,4,0.0,19,0.3167078495025635
euler_50,7,greedy,1588335058,False,0,4,0.0,21,0.3269307613372803
euler_50,7,greedy,1207728427,False,0,4,0.0,19,0.29364705085754395
euler_50,7,sa,573917786,False,0,4,0.0,5000,0.24946379661560059
euler_50,7,sa,193311155,False,0,4,0.0,5000,0.24962115287780762
euler_50,7,sa,1860849285,False,0,4,0.0,5000,0.2534651756286621
euler_50,11,greedy,277348197,False,0,4,0.0,15,0.22949719429016113
euler_50,11,greedy,2044225214,False,0,4,0.0,17,0.26587510108947754
euler_50,11,greedy,1564279696,False,0,4,0.0,13,0.1964740753173828
euler_50,11,sa,1029807942,False,0,4,0.0,5000,0.2526991367340088
euler_50,11,sa,549862424,False,0,4,0.0,5000,0.24691987037658691
euler_50,11,sa,169255793,False,0,4,0.0,5000,0.24413299560546875
